Workbook

Sheet BEHAVIOURABILITY
B1: Decision Making | C1: Self-Management | D1: Communication | E1: Engagement
A2: T1 - Creazione del diario personale <L'utente inserisce all'interno dell'app le proprie preferenze culturali, interessi, hobby e disponibilità temporali, creando una base personalizzata per il sistema.> | B2: K&S | C2: SE | D2: PC | E2: MOT
A3: T2 - Aggiornamento del diario <L'utente modifica nel tempo le proprie preferenze e i propri orari, permettendo al sistema di adattarsi ai cambiamenti del suo stile di vita.> | B3: K&S | C3: SE | D3: PC
A4: T3 - Visualizzazione suggerimenti personalizzati <L'utente consulta gli eventi suggeriti dal sistema, filtrati automaticamente in base ai suoi gusti e alla disponibilità temporale.> | B4: K&S | C4: SE | E4: MOT
A5: T4 - Analisi dettagli evento <L'utente seleziona un evento per visualizzarne i dettagli (luogo, durata, disponibilità, descrizione, distanza).> | B5: K&S | C5: SE | E5: MOT
A6: T5 - Prenotazione evento <L'utente prenota un evento direttamente dall'app in pochi passaggi, senza dover usare piattaforme esterne.> | B6: K&S | C6: SE | D6: PC | E6: MOT
A7: T6 - Sincronizzazione con calendario <L'utente salva l'evento scelto nel proprio calendario personale, integrandolo con i suoi impegni.> | C7: SE | D7: PC | E7: MOT
A8: T7 - Ricezione suggerimenti contestuali <Il sistema propone eventi coerenti con momenti specifici della giornata o della settimana (es. "hai 2 ore libere").> | B8: K&S | C8: SE | D8: PC | E8: MOT
A9: T8 - Gestione notifiche e suggerimenti <L'utente controlla e personalizza il modo in cui riceve suggerimenti (non invasivi, coerenti con il concept del diario).> | C9: SE | D9: PC | E9: MOT

Sheet Quest.Utente1
B1: Self Efficacy | C1: Scarso | D1: Sufficiente | E1: Buono | F1: Molto Buono | G1: Eccellente | H1: Valore
A2: T1_SE1_Creazione | B2: Quanto ti senti capace di inserire i tuoi interessi in modo che il sistema ti capisca perfettamente? | E2: x | H2: =IF(C2="X",1)+IF(D2="X",2)+IF(E2="X",3)+IF(F2="X",4)+IF(G2="X",5) -> 3
A3: T1_SE2_Creazione | B3: Sei sicuro di riuscire a configurare la tua disponibilità oraria senza fare confusione tra i giorni? | G3: x | H3: =IF(C3="X",1)+IF(D3="X",2)+IF(E3="X",3)+IF(F3="X",4)+IF(G3="X",5) -> 5
A4: T1_SE3_Creazione | B4: Quanto ti senti in grado di completare l’intera procedura di setup iniziale senza consultare una guida? | D4: x | H4: =IF(C4="X",1)+IF(D4="X",2)+IF(E4="X",3)+IF(F4="X",4)+IF(G4="X",5) -> 2
B5: Knowledge&Skills
A6: T1_KS1_Creazione | B6: Hai capito quali tipi di hobby e preferenze culturali sono più rilevanti per il sistema? | F6: x | H6: =IF(C6="X",1)+IF(D6="X",2)+IF(E6="X",3)+IF(F6="X",4)+IF(G6="X",5) -> 4
A7: T1_KS2_Creazione | B7: Sai distinguere tra le diverse categorie di interessi messe a disposizione dall'app? | G7: x | H7: =IF(C7="X",1)+IF(D7="X",2)+IF(E7="X",3)+IF(F7="X",4)+IF(G7="X",5) -> 5
A8: T1_KS3_Creazione | B8: Conosci la differenza tra inserire un interesse generico e uno specifico in questa fase? | E8: x | H8: =IF(C8="X",1)+IF(D8="X",2)+IF(E8="X",3)+IF(F8="X",4)+IF(G8="X",5) -> 3
B9: Personal Control
A10: T1_PC1_Creazione | B10: Senti di poter decidere liberamente quali aspetti della tua vita privata omettere dal diario? | G10: x | H10: =IF(C10="X",1)+IF(D10="X",2)+IF(E10="X",3)+IF(F10="X",4)+IF(G10="X",5) -> 5
A11: T1_PC2_Creazione | B11: Ti senti padrone della scelta di quanto tempo dedicare a questa configurazione iniziale? | F11: x | H11: =IF(C11="X",1)+IF(D11="X",2)+IF(E11="X",3)+IF(F11="X",4)+IF(G11="X",5) -> 4
B12: Motivation
A13: T1_MOT1_Creazione | B13: Quanto ti stimola l'idea che, compilando il diario, l'app diventerà uno specchio dei tuoi gusti? | G13: x | H13: =IF(C13="X",1)+IF(D13="X",2)+IF(E13="X",3)+IF(F13="X",4)+IF(G13="X",5) -> 5
A14: T1_MOT1_Creazione | B14: Sei spinto a inserire più dettagli possibili per ottenere suggerimenti di alta qualità? | G14: x | H14: =IF(C14="X",1)+IF(D14="X",2)+IF(E14="X",3)+IF(F14="X",4)+IF(G14="X",5) -> 5
B15: Self Efficacy
A16: T2_SE1_Aggiornamento | B16: Quanto ti senti sicuro di poter modificare i tuoi orari quando il tuo stile di vita cambia? | D16: x | H16: =IF(C16="X",1)+IF(D16="X",2)+IF(E16="X",3)+IF(F16="X",4)+IF(G16="X",5) -> 2
A17: T2_SE2_Aggiornamento | B17: Ti senti in grado di eliminare un vecchio interesse che non ti appartiene più in pochi secondi? | C17: x | H17: =IF(C17="X",1)+IF(D17="X",2)+IF(E17="X",3)+IF(F17="X",4)+IF(G17="X",5) -> 1
A18: T2_SE3_Aggiornamento | B18: Sei certo di riuscire a mantenere il diario aggiornato anche se hai poco tempo a disposizione? | F18: x | H18: =IF(C18="X",1)+IF(D18="X",2)+IF(E18="X",3)+IF(F18="X",4)+IF(G18="X",5) -> 4
B19: Knowledge&Skills
A20: T2_KS1_Aggiornamento | B20: Sai in quale sezione del profilo devi recarti per modificare la tua disponibilità settimanale? | F20: x | H20: =IF(C20="X",1)+IF(D20="X",2)+IF(E20="X",3)+IF(F20="X",4)+IF(G20="X",5) -> 4
A21: T2_KS2_Aggiornamento | B21: Hai compreso come le modifiche che apporti oggi influenzeranno i suggerimenti di domani? | F21: x | H21: =IF(C21="X",1)+IF(D21="X",2)+IF(E21="X",3)+IF(F21="X",4)+IF(G21="X",5) -> 4
A22: T2_KS3_Aggiornamento | B22: Conosci la procedura per salvare correttamente i cambiamenti apportati alle preferenze? | E22: x | H22: =IF(C22="X",1)+IF(D22="X",2)+IF(E22="X",3)+IF(F22="X",4)+IF(G22="X",5) -> 3
B23: Personal Control
A24: T2_PC1_Aggiornamento | B24: Senti di avere il controllo totale sulla frequenza con cui puoi cambiare i tuoi dati? | G24: x | H24: =IF(C24="X",1)+IF(D24="X",2)+IF(E24="X",3)+IF(F24="X",4)+IF(G24="X",5) -> 5
A25: T2_PC2_Aggiornamento | B25: Ti senti libero di resettare completamente le tue preferenze se decidi di cambiare interessi? | D25: x | H25: =IF(C25="X",1)+IF(D25="X",2)+IF(E25="X",3)+IF(F25="X",4)+IF(G25="X",5) -> 2
B26: Self Efficacy | C26: Scarso | D26: Sufficiente | E26: Buono | F26: Molto Buono | G26: Eccellente | H26: Valore
A27: T3_SE1_Visualizzazione | B27: Quanto ti senti capace di individuare rapidamente l'evento perfetto tra quelli proposti? | F27: x | H27: =IF(C27="X",1)+IF(D27="X",2)+IF(E27="X",3)+IF(F27="X",4)+IF(G27="X",5) -> 4
A28: T3_SE2_Visualizzazione | B28: Sei sicuro di saper navigare tra i vari suggerimenti senza sentirti sopraffatto? | E28: X | H28: =IF(C28="X",1)+IF(D28="X",2)+IF(E28="X",3)+IF(F28="X",4)+IF(G28="X",5) -> 3
A29: T3_SE3_Visualizzazione | B29: Ti senti in grado di interpretare correttamente i simboli che indicano la compatibilità con i tuoi gusti? | F29: x | H29: =IF(C29="X",1)+IF(D29="X",2)+IF(E29="X",3)+IF(F29="X",4)+IF(G29="X",5) -> 4
B30: Knowledge&Skills
A31: T3_KS1_Visualizzazione | B31: Sai come vengono ordinati i suggerimenti che vedi sulla schermata principale? | G31: x | H31: =IF(C31="X",1)+IF(D31="X",2)+IF(E31="X",3)+IF(F31="X",4)+IF(G31="X",5) -> 5
A32: T3_KS2_Visualizzazione | B32: Hai capito perché alcuni eventi appaiono come "prioritari" rispetto ad altri? | F32: x | H32: =IF(C32="X",1)+IF(D32="X",2)+IF(E32="X",3)+IF(F32="X",4)+IF(G32="X",5) -> 4
A33: T3_KS3_Visualizzazione | B33: Conosci il significato dei tag di categorizzazione associati a ogni suggerimento? | G33: x | H33: =IF(C33="X",1)+IF(D33="X",2)+IF(E33="X",3)+IF(F33="X",4)+IF(G33="X",5) -> 5
B34: Motivation
A35: T3_MOT1_Visualizzazione | B35: Quanto ti entusiasma scoprire attività nuove che non avresti mai cercato da solo? | G35: x | H35: =IF(C35="X",1)+IF(D35="X",2)+IF(E35="X",3)+IF(F35="X",4)+IF(G35="X",5) -> 5
A36: T3_MOT1_Visualizzazione | B36: Ti senti spronato a usare l'app ogni mattina per vedere cosa ha selezionato per te? | F36: x | H36: =IF(C36="X",1)+IF(D36="X",2)+IF(E36="X",3)+IF(F36="X",4)+IF(G36="X",5) -> 4
B37: Self Efficacy | C37: Scarso | D37: Sufficiente | E37: Buono | F37: Molto Buono | G37: Eccellente | H37: Valore
A38: T4_SE1_Analisi | B38: Quanto ti senti sicuro nel valutare se un evento è raggiungibile in tempo basandoti sulla distanza indicata? | F38: x | H38: =IF(C38="X",1)+IF(D38="X",2)+IF(E38="X",3)+IF(F38="X",4)+IF(G38="X",5) -> 4
A39: T4_SE2_Analisi | B39: Ti senti in grado di capire se un evento è adatto al tuo budget leggendo i dettagli? | E39: x | H39: =IF(C39="X",1)+IF(D39="X",2)+IF(E39="X",3)+IF(F39="X",4)+IF(G39="X",5) -> 3
A40: T4_SE3_Analisi | B40: Sei certo di poter decidere se partecipare a un evento dopo aver letto la sua descrizione tecnica? | F40: x | H40: =IF(C40="X",1)+IF(D40="X",2)+IF(E40="X",3)+IF(F40="X",4)+IF(G40="X",5) -> 4
B41: Knowledge&Skills
A42: T4_KS1_Analisi | B42: Sai dove trovare l'informazione relativa alla durata stimata dell'evento? | G42: x | H42: =IF(C40="X",1)+IF(D40="X",2)+IF(E40="X",3)+IF(F40="X",4)+IF(G40="X",5) -> 4
A43: T4_KS2_Analisi | B43: Comprendi come leggere le mappe o le indicazioni stradali fornite nella scheda? | F43: x | H43: =IF(C43="X",1)+IF(D43="X",2)+IF(E43="X",3)+IF(F43="X",4)+IF(G43="X",5) -> 4
A44: T4_KS3_Analisi | B44: Hai capito come verificare se ci sono ancora posti disponibili per l'attività scelta? | G44: x | H44: =IF(C44="X",1)+IF(D44="X",2)+IF(E44="X",3)+IF(F44="X",4)+IF(G44="X",5) -> 5
B45: Motivation
A46: T4_MOT1_Analisi | B46: Quanto ti senti rassicurato dal fatto di avere tutte le informazioni in un'unica schermata? | D46: x | H46: =IF(C46="X",1)+IF(D46="X",2)+IF(E46="X",3)+IF(F46="X",4)+IF(G46="X",5) -> 2
A47: T4_MOT1_Analisi | B47: Ti senti più propenso a uscire di casa se le informazioni fornite sono complete e chiare? | G47: x | H47: =IF(C47="X",1)+IF(D47="X",2)+IF(E47="X",3)+IF(F47="X",4)+IF(G47="X",5) -> 5
B48: Self Efficacy | C48: Scarso | D48: Sufficiente | E48: Buono | F48: Molto Buono | G48: Eccellente | H48: Valore
A49: T5_SE1_Prenotazione | B49: Quanto ti senti capace di confermare una prenotazione senza commettere errori di clic? | D49: x | H49: =IF(C49="X",1)+IF(D49="X",2)+IF(E49="X",3)+IF(F49="X",4)+IF(G49="X",5) -> 2
A50: T5_SE2_Prenotazione | B50: Sei sicuro di riuscire a gestire l'intera transazione (o conferma) in totale autonomia? | E50: x | H50: =IF(C50="X",1)+IF(D50="X",2)+IF(E50="X",3)+IF(F50="X",4)+IF(G50="X",5) -> 3
A51: T5_SE3_Prenotazione | B51: Ti senti in grado di recuperare il ticket o la conferma di prenotazione una volta terminato il processo? | F51: x | H51: =IF(C51="X",1)+IF(D51="X",2)+IF(E51="X",3)+IF(F51="X",4)+IF(G51="X",5) -> 4
B52: Knowledge&Skills
A53: T5_KS1_Prenotazione | B53: Conosci i passaggi necessari per finalizzare la prenotazione all'interno dell'app? | G53: x | H53: =IF(C53="X",1)+IF(D53="X",2)+IF(E53="X",3)+IF(F53="X",4)+IF(G53="X",5) -> 5
A54: T5_KS2_Prenotazione | B54: Sai quali dati ti verranno richiesti per confermare la tua presenza all'evento? | E54: x | H54: =IF(C54="X",1)+IF(D54="X",2)+IF(E54="X",3)+IF(F54="X",4)+IF(G54="X",5) -> 3
A55: T5_KS3_Prenotazione | B55: Hai capito cosa fare nel caso in cui tu debba annullare una prenotazione già effettuata? | E55: x | H55: =IF(C55="X",1)+IF(D55="X",2)+IF(E55="X",3)+IF(F55="X",4)+IF(G55="X",5) -> 3
B56: Personal Control
A57: T5_PC1_Prenotazione | B57: Senti di poter annullare l'operazione in qualsiasi momento prima della conferma definitiva? | F57: x | H57: =IF(C57="X",1)+IF(D57="X",2)+IF(E57="X",3)+IF(F57="X",4)+IF(G57="X",5) -> 4
A58: T5_PC2_Prenotazione | B58: Ti senti in controllo della scelta del metodo di conferma o di pagamento? | E58: x | H58: =IF(C58="X",1)+IF(D58="X",2)+IF(E58="X",3)+IF(F58="X",4)+IF(G58="X",5) -> 3
B59: Motivation
A60: T5_MOT1_Prenotazione | B60: Quanto valore dai alla possibilità di prenotare "al volo" senza cambiare applicazione? | G60: x | H60: =IF(C60="X",1)+IF(D60="X",2)+IF(E60="X",3)+IF(F60="X",4)+IF(G60="X",5) -> 5
A61: T5_MOT1_Prenotazione | B61: Ti senti più invogliato a partecipare agli eventi sapendo che la prenotazione richiede pochi secondi? | G61: x | H61: =IF(C61="X",1)+IF(D61="X",2)+IF(E61="X",3)+IF(F61="X",4)+IF(G61="X",5) -> 5
B62: Self Efficacy | C62: Scarso | D62: Sufficiente | E62: Buono | F62: Molto Buono | G62: Eccellente | H62: Valore
A63: T6_SE1_Sincronizzazione | B63: Quanto ti senti sicuro nel collegare l'app al tuo calendario (es. Google o Apple)? | G63: x | H63: =IF(C63="X",1)+IF(D63="X",2)+IF(E63="X",3)+IF(F63="X",4)+IF(G63="X",5) -> 5
A64: T6_SE2_Sincronizzazione | B64: Sei certo di saper risolvere eventuali conflitti di orario che il sistema potrebbe segnalarti? | F64: x | H64: =IF(C64="X",1)+IF(D64="X",2)+IF(E64="X",3)+IF(F64="X",4)+IF(G64="X",5) -> 4
A65: T6_SE3_Sincronizzazione | B65: Ti senti in grado di rimuovere un evento dal calendario se decidi di non andare più? | C65: x | H65: =IF(C65="X",1)+IF(D65="X",2)+IF(E65="X",3)+IF(F65="X",4)+IF(G65="X",5) -> 1
B66: Personal Control
A67: T6_PC1_Sincronizzazione | B67: Senti di poter scegliere su quale dei tuoi calendari (lavoro, privato, ecc.) salvare l'evento? | C67: x | H67: =IF(C67="X",1)+IF(D67="X",2)+IF(E67="X",3)+IF(F67="X",4)+IF(G67="X",5) -> 1
A68: T6_PC2_Sincronizzazione | B68: Ti senti padrone della decisione di quali dettagli dell'evento mostrare nel calendario esterno? | F68: x | H68: =IF(C68="X",1)+IF(D68="X",2)+IF(E68="X",3)+IF(F68="X",4)+IF(G68="X",5) -> 4
B69: Motivation
A70: T6_MOT1_Sincronizzazione | B70: Quanto ti senti sollevato nel sapere che non dovrai scrivere a mano l'impegno nel tuo diario? | D70: x | H70: =IF(C70="X",1)+IF(D70="X",2)+IF(E70="X",3)+IF(F70="X",4)+IF(G70="X",5) -> 2
A71: T6_MOT1_Sincronizzazione | B71: Ti motiva l'idea di avere una visione d'insieme perfetta tra i tuoi doveri e i tuoi hobby? | G71: x | H71: =IF(C71="X",1)+IF(D71="X",2)+IF(E71="X",3)+IF(F71="X",4)+IF(G71="X",5) -> 5
B72: Self Efficacy | C72: Scarso | D72: Sufficiente | E72: Buono | F72: Molto Buono | G72: Eccellente | H72: Valore
A73: T7_SE1_Ricezione | B73: Quanto ti senti capace di cogliere al volo un'opportunità suggerita dal sistema in un momento libero? | C73: x | G73: x | H73: =IF(C73="X",1)+IF(D73="X",2)+IF(E73="X",3)+IF(F73="X",4)+IF(G73="X",5) -> 6
A74: T7_SE2_Ricezione | B74: Sei sicuro di saper gestire un cambio di programma basandoti su un suggerimento improvviso? | E74: x | H74: =IF(C74="X",1)+IF(D74="X",2)+IF(E74="X",3)+IF(F74="X",4)+IF(G74="X",5) -> 3
A75: T7_SE3_Ricezione | B75: Ti senti in grado di valutare rapidamente se il suggerimento "last minute" è compatibile con la tua energia? | F75: x | H75: =IF(C75="X",1)+IF(D75="X",2)+IF(E75="X",3)+IF(F75="X",4)+IF(G75="X",5) -> 4
B76: Knowledge&Skills
A77: T7_KS1_Ricezione | B77: Capisci perché l'app ti sta disturbando proprio in quel momento della giornata? | G77: x | H77: =IF(C77="X",1)+IF(D77="X",2)+IF(E77="X",3)+IF(F77="X",4)+IF(G77="X",5) -> 5
A78: T7_KS1_Ricezione | B78: Sai come l'app deduce che hai "due ore libere" (es. dai buchi nel calendario)? | E78: x | H78: =IF(C78="X",1)+IF(D78="X",2)+IF(E78="X",3)+IF(F78="X",4)+IF(G78="X",5) -> 3
A79: T7_KS3_Ricezione | B79: Conosci il modo per dire al sistema che in quel momento non vuoi ricevere suggerimenti? | F79: x | H79: =IF(C79="X",1)+IF(D79="X",2)+IF(E79="X",3)+IF(F79="X",4)+IF(G79="X",5) -> 4
B80: Personal Control
A81: T7_PC1_Ricezione | B81: Senti di poter silenziare questi suggerimenti se ti trovi in una giornata particolarmente stressante? | D81: x | H81: =IF(C81="X",1)+IF(D81="X",2)+IF(E81="X",3)+IF(F81="X",4)+IF(G81="X",5) -> 2
A82: T7_PC2_Ricezione | B82: Ti senti libero di ignorare la proposta senza che l'app te la riproponga ossessivamente? | G82: x | H82: =IF(C82="X",1)+IF(D82="X",2)+IF(E82="X",3)+IF(F82="X",4)+IF(G82="X",5) -> 5
B83: Motivation
A84: T7_MOT1_Ricezione | B84: Quanto ti entusiasma l'idea di avere un assistente che trova attività per te quando sei annoiato? | G84: x | H84: =IF(C84="X",1)+IF(D84="X",2)+IF(E84="X",3)+IF(F84="X",4)+IF(G84="X",5) -> 5
A85: T7_MOT1_Ricezione | B85: Ti senti stimolato a essere più spontaneo grazie ai suggerimenti contestuali dell'app? | E85: x | H85: =IF(C85="X",1)+IF(D85="X",2)+IF(E85="X",3)+IF(F85="X",4)+IF(G85="X",5) -> 3
B86: Self Efficacy | C86: Scarso | D86: Sufficiente | E86: Buono | F86: Molto Buono | G86: Eccellente | H86: Valore
A87: T8_SE1_Gestione | B87: Quanto ti senti sicuro di poter impostare le notifiche in modo che non siano mai fastidiose? | G87: x | H87: =IF(C87="X",1)+IF(D87="X",2)+IF(E87="X",3)+IF(F87="X",4)+IF(G87="X",5) -> 5
A88: T8_SE2_Gestione | B88: Sei in grado di trovare il giusto equilibrio tra ricezione di info e tranquillità personale? | E88: x | H88: =IF(C88="X",1)+IF(D88="X",2)+IF(E88="X",3)+IF(F88="X",4)+IF(G88="X",5) -> 3
A89: T8_SE3_Gestione | B89: Ti senti capace di riattivare le notifiche se dovessi accorgerti di perdere eventi interessanti? | E89: x | H89: =IF(C89="X",1)+IF(D89="X",2)+IF(E89="X",3)+IF(F89="X",4)+IF(G89="X",5) -> 3
B90: Personal Control
A91: T8_PC1_Gestione | B91: Senti di avere il potere di "zittire" l'app completamente se ne senti il bisogno? | F91: x | H91: =IF(C91="X",1)+IF(D91="X",2)+IF(E91="X",3)+IF(F91="X",4)+IF(G91="X",5) -> 4
A92: T8_PC2_Gestione | B92: Ti senti in controllo della modalità con cui il "diario" interagisce con te durante il giorno? | E92: x | H92: =IF(C92="X",1)+IF(D92="X",2)+IF(E92="X",3)+IF(F92="X",4)+IF(G92="X",5) -> 3
B93: Motivation
A94: T8_MOT1_Gestione | B94: Quanto ti rassicura sapere che l'app non sarà invasiva se decidi di limitare le notifiche? | G94: x | H94: =IF(C94="X",1)+IF(D94="X",2)+IF(E94="X",3)+IF(F94="X",4)+IF(G94="X",5) -> 5
A95: T8_MOT1_Gestione | B95: Ti senti più propenso a tenere l'app installata sapendo di poter gestire ogni singola notifica? | F95: x | H95: =IF(C95="X",1)+IF(D95="X",2)+IF(E95="X",3)+IF(F95="X",4)+IF(G95="X",5) -> 4

Sheet Quest.Utente2
B1: Self Efficacy | C1: Scarso | D1: Sufficiente | E1: Buono | F1: Molto Buono | G1: Eccellente | H1: Valore
A2: T1_SE1_Creazione | B2: Quanto ti senti capace di inserire i tuoi interessi in modo che il sistema ti capisca perfettamente? | F2: x | H2: =IF(C2="X",1)+IF(D2="X",2)+IF(E2="X",3)+IF(F2="X",4)+IF(G2="X",5) -> 4
A3: T1_SE2_Creazione | B3: Sei sicuro di riuscire a configurare la tua disponibilità oraria senza fare confusione tra i giorni? | E3: x | H3: =IF(C3="X",1)+IF(D3="X",2)+IF(E3="X",3)+IF(F3="X",4)+IF(G3="X",5) -> 3
A4: T1_SE3_Creazione | B4: Quanto ti senti in grado di completare l’intera procedura di setup iniziale senza consultare una guida? | G4: x | H4: =IF(C4="X",1)+IF(D4="X",2)+IF(E4="X",3)+IF(F4="X",4)+IF(G4="X",5) -> 5
B5: Knowledge&Skills
A6: T1_KS1_Creazione | B6: Hai capito quali tipi di hobby e preferenze culturali sono più rilevanti per il sistema? | D6: x | H6: =IF(C6="X",1)+IF(D6="X",2)+IF(E6="X",3)+IF(F6="X",4)+IF(G6="X",5) -> 2
A7: T1_KS2_Creazione | B7: Sai distinguere tra le diverse categorie di interessi messe a disposizione dall'app? | D7: x | H7: =IF(C7="X",1)+IF(D7="X",2)+IF(E7="X",3)+IF(F7="X",4)+IF(G7="X",5) -> 2
A8: T1_KS3_Creazione | B8: Conosci la differenza tra inserire un interesse generico e uno specifico in questa fase? | E8: x | H8: =IF(C8="X",1)+IF(D8="X",2)+IF(E8="X",3)+IF(F8="X",4)+IF(G8="X",5) -> 3
B9: Personal Control
A10: T1_PC1_Creazione | B10: Senti di poter decidere liberamente quali aspetti della tua vita privata omettere dal diario? | E10: x | H10: =IF(C10="X",1)+IF(D10="X",2)+IF(E10="X",3)+IF(F10="X",4)+IF(G10="X",5) -> 3
A11: T1_PC2_Creazione | B11: Ti senti padrone della scelta di quanto tempo dedicare a questa configurazione iniziale? | G11: x | H11: =IF(C11="X",1)+IF(D11="X",2)+IF(E11="X",3)+IF(F11="X",4)+IF(G11="X",5) -> 5
B12: Motivation
A13: T1_MOT1_Creazione | B13: Quanto ti stimola l'idea che, compilando il diario, l'app diventerà uno specchio dei tuoi gusti? | E13: x | H13: =IF(C13="X",1)+IF(D13="X",2)+IF(E13="X",3)+IF(F13="X",4)+IF(G13="X",5) -> 3
A14: T1_MOT1_Creazione | B14: Sei spinto a inserire più dettagli possibili per ottenere suggerimenti di alta qualità? | D14: x | H14: =IF(C14="X",1)+IF(D14="X",2)+IF(E14="X",3)+IF(F14="X",4)+IF(G14="X",5) -> 2
B15: Self Efficacy
A16: T2_SE1_Aggiornamento | B16: Quanto ti senti sicuro di poter modificare i tuoi orari quando il tuo stile di vita cambia? | G16: x | H16: =IF(C16="X",1)+IF(D16="X",2)+IF(E16="X",3)+IF(F16="X",4)+IF(G16="X",5) -> 5
A17: T2_SE2_Aggiornamento | B17: Ti senti in grado di eliminare un vecchio interesse che non ti appartiene più in pochi secondi? | D17: x | H17: =IF(C17="X",1)+IF(D17="X",2)+IF(E17="X",3)+IF(F17="X",4)+IF(G17="X",5) -> 2
A18: T2_SE3_Aggiornamento | B18: Sei certo di riuscire a mantenere il diario aggiornato anche se hai poco tempo a disposizione? | F18: x | H18: =IF(C18="X",1)+IF(D18="X",2)+IF(E18="X",3)+IF(F18="X",4)+IF(G18="X",5) -> 4
B19: Knowledge&Skills
A20: T2_KS1_Aggiornamento | B20: Sai in quale sezione del profilo devi recarti per modificare la tua disponibilità settimanale? | D20: x | H20: =IF(C20="X",1)+IF(D20="X",2)+IF(E20="X",3)+IF(F20="X",4)+IF(G20="X",5) -> 2
A21: T2_KS2_Aggiornamento | B21: Hai compreso come le modifiche che apporti oggi influenzeranno i suggerimenti di domani? | G21: x | H21: =IF(C21="X",1)+IF(D21="X",2)+IF(E21="X",3)+IF(F21="X",4)+IF(G21="X",5) -> 5
A22: T2_KS3_Aggiornamento | B22: Conosci la procedura per salvare correttamente i cambiamenti apportati alle preferenze? | G22: x | H22: =IF(C22="X",1)+IF(D22="X",2)+IF(E22="X",3)+IF(F22="X",4)+IF(G22="X",5) -> 5
B23: Personal Control
A24: T2_PC1_Aggiornamento | B24: Senti di avere il controllo totale sulla frequenza con cui puoi cambiare i tuoi dati? | E24: x | H24: =IF(C24="X",1)+IF(D24="X",2)+IF(E24="X",3)+IF(F24="X",4)+IF(G24="X",5) -> 3
A25: T2_PC2_Aggiornamento | B25: Ti senti libero di resettare completamente le tue preferenze se decidi di cambiare interessi? | E25: x | H25: =IF(C25="X",1)+IF(D25="X",2)+IF(E25="X",3)+IF(F25="X",4)+IF(G25="X",5) -> 3
B26: Self Efficacy | C26: Scarso | D26: Sufficiente | E26: Buono | F26: Molto Buono | G26: Eccellente | H26: Valore
A27: T3_SE1_Visualizzazione | B27: Quanto ti senti capace di individuare rapidamente l'evento perfetto tra quelli proposti? | C27: x | H27: =IF(C27="X",1)+IF(D27="X",2)+IF(E27="X",3)+IF(F27="X",4)+IF(G27="X",5) -> 1
A28: T3_SE2_Visualizzazione | B28: Sei sicuro di saper navigare tra i vari suggerimenti senza sentirti sopraffatto? | D28: x | H28: =IF(C28="X",1)+IF(D28="X",2)+IF(E28="X",3)+IF(F28="X",4)+IF(G28="X",5) -> 2
A29: T3_SE3_Visualizzazione | B29: Ti senti in grado di interpretare correttamente i simboli che indicano la compatibilità con i tuoi gusti? | E29: x | H29: =IF(C29="X",1)+IF(D29="X",2)+IF(E29="X",3)+IF(F29="X",4)+IF(G29="X",5) -> 3
B30: Knowledge&Skills
A31: T3_KS1_Visualizzazione | B31: Sai come vengono ordinati i suggerimenti che vedi sulla schermata principale? | D31: x | H31: =IF(C31="X",1)+IF(D31="X",2)+IF(E31="X",3)+IF(F31="X",4)+IF(G31="X",5) -> 2
A32: T3_KS2_Visualizzazione | B32: Hai capito perché alcuni eventi appaiono come "prioritari" rispetto ad altri? | D32: x | H32: =IF(C32="X",1)+IF(D32="X",2)+IF(E32="X",3)+IF(F32="X",4)+IF(G32="X",5) -> 2
A33: T3_KS3_Visualizzazione | B33: Conosci il significato dei tag di categorizzazione associati a ogni suggerimento? | E33: x | H33: =IF(C33="X",1)+IF(D33="X",2)+IF(E33="X",3)+IF(F33="X",4)+IF(G33="X",5) -> 3
B34: Motivation
A35: T3_MOT1_Visualizzazione | B35: Quanto ti entusiasma scoprire attività nuove che non avresti mai cercato da solo? | G35: x | H35: =IF(C35="X",1)+IF(D35="X",2)+IF(E35="X",3)+IF(F35="X",4)+IF(G35="X",5) -> 5
A36: T3_MOT1_Visualizzazione | B36: Ti senti spronato a usare l'app ogni mattina per vedere cosa ha selezionato per te? | E36: x | H36: =IF(C36="X",1)+IF(D36="X",2)+IF(E36="X",3)+IF(F36="X",4)+IF(G36="X",5) -> 3
B37: Self Efficacy | C37: Scarso | D37: Sufficiente | E37: Buono | F37: Molto Buono | G37: Eccellente | H37: Valore
A38: T4_SE1_Analisi | B38: Quanto ti senti sicuro nel valutare se un evento è raggiungibile in tempo basandoti sulla distanza indicata? | G38: x | H38: =IF(C38="X",1)+IF(D38="X",2)+IF(E38="X",3)+IF(F38="X",4)+IF(G38="X",5) -> 5
A39: T4_SE2_Analisi | B39: Ti senti in grado di capire se un evento è adatto al tuo budget leggendo i dettagli? | F39: x | H39: =IF(C39="X",1)+IF(D39="X",2)+IF(E39="X",3)+IF(F39="X",4)+IF(G39="X",5) -> 4
A40: T4_SE3_Analisi | B40: Sei certo di poter decidere se partecipare a un evento dopo aver letto la sua descrizione tecnica? | G40: x | H40: =IF(C40="X",1)+IF(D40="X",2)+IF(E40="X",3)+IF(F40="X",4)+IF(G40="X",5) -> 5
B41: Knowledge&Skills
A42: T4_KS1_Analisi | B42: Sai dove trovare l'informazione relativa alla durata stimata dell'evento? | E42: x | H42: =IF(C42="X",1)+IF(D42="X",2)+IF(E42="X",3)+IF(F42="X",4)+IF(G42="X",5) -> 3
A43: T4_KS2_Analisi | B43: Comprendi come leggere le mappe o le indicazioni stradali fornite nella scheda? | C43: x | H43: =IF(C43="X",1)+IF(D43="X",2)+IF(E43="X",3)+IF(F43="X",4)+IF(G43="X",5) -> 1
A44: T4_KS3_Analisi | B44: Hai capito come verificare se ci sono ancora posti disponibili per l'attività scelta? | C44: x | H44: =IF(C44="X",1)+IF(D44="X",2)+IF(E44="X",3)+IF(F44="X",4)+IF(G44="X",5) -> 1
B45: Motivation
A46: T4_MOT1_Analisi | B46: Quanto ti senti rassicurato dal fatto di avere tutte le informazioni in un'unica schermata? | G46: x | H46: =IF(C46="X",1)+IF(D46="X",2)+IF(E46="X",3)+IF(F46="X",4)+IF(G46="X",5) -> 5
A47: T4_MOT1_Analisi | B47: Ti senti più propenso a uscire di casa se le informazioni fornite sono complete e chiare? | F47: x | H47: =IF(C47="X",1)+IF(D47="X",2)+IF(E47="X",3)+IF(F47="X",4)+IF(G47="X",5) -> 4
B48: Self Efficacy | C48: Scarso | D48: Sufficiente | E48: Buono | F48: Molto Buono | G48: Eccellente | H48: Valore
A49: T5_SE1_Prenotazione | B49: Quanto ti senti capace di confermare una prenotazione senza commettere errori di clic? | G49: x | H49: =IF(C49="X",1)+IF(D49="X",2)+IF(E49="X",3)+IF(F49="X",4)+IF(G49="X",5) -> 5
A50: T5_SE2_Prenotazione | B50: Sei sicuro di riuscire a gestire l'intera transazione (o conferma) in totale autonomia? | G50: x | H50: =IF(C50="X",1)+IF(D50="X",2)+IF(E50="X",3)+IF(F50="X",4)+IF(G50="X",5) -> 5
A51: T5_SE3_Prenotazione | B51: Ti senti in grado di recuperare il ticket o la conferma di prenotazione una volta terminato il processo? | D51: x | H51: =IF(C51="X",1)+IF(D51="X",2)+IF(E51="X",3)+IF(F51="X",4)+IF(G51="X",5) -> 2
B52: Knowledge&Skills
A53: T5_KS1_Prenotazione | B53: Conosci i passaggi necessari per finalizzare la prenotazione all'interno dell'app? | D53: x | H53: =IF(C53="X",1)+IF(D53="X",2)+IF(E53="X",3)+IF(F53="X",4)+IF(G53="X",5) -> 2
A54: T5_KS2_Prenotazione | B54: Sai quali dati ti verranno richiesti per confermare la tua presenza all'evento? | C54: x | H54: =IF(C54="X",1)+IF(D54="X",2)+IF(E54="X",3)+IF(F54="X",4)+IF(G54="X",5) -> 1
A55: T5_KS3_Prenotazione | B55: Hai capito cosa fare nel caso in cui tu debba annullare una prenotazione già effettuata? | G55: x | H55: =IF(C55="X",1)+IF(D55="X",2)+IF(E55="X",3)+IF(F55="X",4)+IF(G55="X",5) -> 5
B56: Personal Control
A57: T5_PC1_Prenotazione | B57: Senti di poter annullare l'operazione in qualsiasi momento prima della conferma definitiva? | C57: x | H57: =IF(C57="X",1)+IF(D57="X",2)+IF(E57="X",3)+IF(F57="X",4)+IF(G57="X",5) -> 1
A58: T5_PC2_Prenotazione | B58: Ti senti in controllo della scelta del metodo di conferma o di pagamento? | D58: x | H58: =IF(C58="X",1)+IF(D58="X",2)+IF(E58="X",3)+IF(F58="X",4)+IF(G58="X",5) -> 2
B59: Motivation
A60: T5_MOT1_Prenotazione | B60: Quanto valore dai alla possibilità di prenotare "al volo" senza cambiare applicazione? | D60: x | H60: =IF(C60="X",1)+IF(D60="X",2)+IF(E60="X",3)+IF(F60="X",4)+IF(G60="X",5) -> 2
A61: T5_MOT1_Prenotazione | B61: Ti senti più invogliato a partecipare agli eventi sapendo che la prenotazione richiede pochi secondi? | E61: x | H61: =IF(C61="X",1)+IF(D61="X",2)+IF(E61="X",3)+IF(F61="X",4)+IF(G61="X",5) -> 3
B62: Self Efficacy | C62: Scarso | D62: Sufficiente | E62: Buono | F62: Molto Buono | G62: Eccellente | H62: Valore
A63: T6_SE1_Sincronizzazione | B63: Quanto ti senti sicuro nel collegare l'app al tuo calendario (es. Google o Apple)? | D63: x | H63: =IF(C63="X",1)+IF(D63="X",2)+IF(E63="X",3)+IF(F63="X",4)+IF(G63="X",5) -> 2
A64: T6_SE2_Sincronizzazione | B64: Sei certo di saper risolvere eventuali conflitti di orario che il sistema potrebbe segnalarti? | G64: x | H64: =IF(C64="X",1)+IF(D64="X",2)+IF(E64="X",3)+IF(F64="X",4)+IF(G64="X",5) -> 5
A65: T6_SE3_Sincronizzazione | B65: Ti senti in grado di rimuovere un evento dal calendario se decidi di non andare più? | D65: x | H65: =IF(C65="X",1)+IF(D65="X",2)+IF(E65="X",3)+IF(F65="X",4)+IF(G65="X",5) -> 2
B66: Personal Control
A67: T6_PC1_Sincronizzazione | B67: Senti di poter scegliere su quale dei tuoi calendari (lavoro, privato, ecc.) salvare l'evento? | G67: x | H67: =IF(C67="X",1)+IF(D67="X",2)+IF(E67="X",3)+IF(F67="X",4)+IF(G67="X",5) -> 5
A68: T6_PC2_Sincronizzazione | B68: Ti senti padrone della decisione di quali dettagli dell'evento mostrare nel calendario esterno? | G68: x | H68: =IF(C68="X",1)+IF(D68="X",2)+IF(E68="X",3)+IF(F68="X",4)+IF(G68="X",5) -> 5
B69: Motivation
A70: T6_MOT1_Sincronizzazione | B70: Quanto ti senti sollevato nel sapere che non dovrai scrivere a mano l'impegno nel tuo diario? | E70: x | H70: =IF(C70="X",1)+IF(D70="X",2)+IF(E70="X",3)+IF(F70="X",4)+IF(G70="X",5) -> 3
A71: T6_MOT1_Sincronizzazione | B71: Ti motiva l'idea di avere una visione d'insieme perfetta tra i tuoi doveri e i tuoi hobby? | F71: x | H71: =IF(C71="X",1)+IF(D71="X",2)+IF(E71="X",3)+IF(F71="X",4)+IF(G71="X",5) -> 4
B72: Self Efficacy | C72: Scarso | D72: Sufficiente | E72: Buono | F72: Molto Buono | G72: Eccellente | H72: Valore
A73: T7_SE1_Ricezione | B73: Quanto ti senti capace di cogliere al volo un'opportunità suggerita dal sistema in un momento libero? | D73: x | H73: =IF(C73="X",1)+IF(D73="X",2)+IF(E73="X",3)+IF(F73="X",4)+IF(G73="X",5) -> 2
A74: T7_SE2_Ricezione | B74: Sei sicuro di saper gestire un cambio di programma basandoti su un suggerimento improvviso? | E74: x | H74: =IF(C74="X",1)+IF(D74="X",2)+IF(E74="X",3)+IF(F74="X",4)+IF(G74="X",5) -> 3
A75: T7_SE3_Ricezione | B75: Ti senti in grado di valutare rapidamente se il suggerimento "last minute" è compatibile con la tua energia? | G75: x | H75: =IF(C75="X",1)+IF(D75="X",2)+IF(E75="X",3)+IF(F75="X",4)+IF(G75="X",5) -> 5
B76: Knowledge&Skills
A77: T7_KS1_Ricezione | B77: Capisci perché l'app ti sta disturbando proprio in quel momento della giornata? | D77: x | H77: =IF(C77="X",1)+IF(D77="X",2)+IF(E77="X",3)+IF(F77="X",4)+IF(G77="X",5) -> 2
A78: T7_KS1_Ricezione | B78: Sai come l'app deduce che hai "due ore libere" (es. dai buchi nel calendario)? | E78: x | H78: =IF(C78="X",1)+IF(D78="X",2)+IF(E78="X",3)+IF(F78="X",4)+IF(G78="X",5) -> 3
A79: T7_KS3_Ricezione | B79: Conosci il modo per dire al sistema che in quel momento non vuoi ricevere suggerimenti? | D79: x | H79: =IF(C79="X",1)+IF(D79="X",2)+IF(E79="X",3)+IF(F79="X",4)+IF(G79="X",5) -> 2
B80: Personal Control
A81: T7_PC1_Ricezione | B81: Senti di poter silenziare questi suggerimenti se ti trovi in una giornata particolarmente stressante? | F81: x | H81: =IF(C81="X",1)+IF(D81="X",2)+IF(E81="X",3)+IF(F81="X",4)+IF(G81="X",5) -> 4
A82: T7_PC2_Ricezione | B82: Ti senti libero di ignorare la proposta senza che l'app te la riproponga ossessivamente? | E82: x | H82: =IF(C82="X",1)+IF(D82="X",2)+IF(E82="X",3)+IF(F82="X",4)+IF(G82="X",5) -> 3
B83: Motivation
A84: T7_MOT1_Ricezione | B84: Quanto ti entusiasma l'idea di avere un assistente che trova attività per te quando sei annoiato? | D84: x | H84: =IF(C84="X",1)+IF(D84="X",2)+IF(E84="X",3)+IF(F84="X",4)+IF(G84="X",5) -> 2
A85: T7_MOT1_Ricezione | B85: Ti senti stimolato a essere più spontaneo grazie ai suggerimenti contestuali dell'app? | F85: x | H85: =IF(C85="X",1)+IF(D85="X",2)+IF(E85="X",3)+IF(F85="X",4)+IF(G85="X",5) -> 4
B86: Self Efficacy | C86: Scarso | D86: Sufficiente | E86: Buono | F86: Molto Buono | G86: Eccellente | H86: Valore
A87: T8_SE1_Gestione | B87: Quanto ti senti sicuro di poter impostare le notifiche in modo che non siano mai fastidiose? | E87: x | H87: =IF(C87="X",1)+IF(D87="X",2)+IF(E87="X",3)+IF(F87="X",4)+IF(G87="X",5) -> 3
A88: T8_SE2_Gestione | B88: Sei in grado di trovare il giusto equilibrio tra ricezione di info e tranquillità personale? | D88: x | H88: =IF(C88="X",1)+IF(D88="X",2)+IF(E88="X",3)+IF(F88="X",4)+IF(G88="X",5) -> 2
A89: T8_SE3_Gestione | B89: Ti senti capace di riattivare le notifiche se dovessi accorgerti di perdere eventi interessanti? | D89: x | H89: =IF(C89="X",1)+IF(D89="X",2)+IF(E89="X",3)+IF(F89="X",4)+IF(G89="X",5) -> 2
B90: Personal Control
A91: T8_PC1_Gestione | B91: Senti di avere il potere di "zittire" l'app completamente se ne senti il bisogno? | D91: x | H91: =IF(C91="X",1)+IF(D91="X",2)+IF(E91="X",3)+IF(F91="X",4)+IF(G91="X",5) -> 2
A92: T8_PC2_Gestione | B92: Ti senti in controllo della modalità con cui il "diario" interagisce con te durante il giorno? | F92: x | H92: =IF(C92="X",1)+IF(D92="X",2)+IF(E92="X",3)+IF(F92="X",4)+IF(G92="X",5) -> 4
B93: Motivation
A94: T8_MOT1_Gestione | B94: Quanto ti rassicura sapere che l'app non sarà invasiva se decidi di limitare le notifiche? | D94: x | H94: =IF(C94="X",1)+IF(D94="X",2)+IF(E94="X",3)+IF(F94="X",4)+IF(G94="X",5) -> 2
A95: T8_MOT1_Gestione | B95: Ti senti più propenso a tenere l'app installata sapendo di poter gestire ogni singola notifica? | C95: x | H95: =IF(C95="X",1)+IF(D95="X",2)+IF(E95="X",3)+IF(F95="X",4)+IF(G95="X",5) -> 1

Sheet Quest.Utente3
B1: Self Efficacy | C1: Scarso | D1: Sufficiente | E1: Buono | F1: Molto Buono | G1: Eccellente | H1: Valore
A2: T1_SE1_Creazione | B2: Quanto ti senti capace di inserire i tuoi interessi in modo che il sistema ti capisca perfettamente? | D2: x | H2: =IF(C2="X",1)+IF(D2="X",2)+IF(E2="X",3)+IF(F2="X",4)+IF(G2="X",5) -> 2
A3: T1_SE2_Creazione | B3: Sei sicuro di riuscire a configurare la tua disponibilità oraria senza fare confusione tra i giorni? | E3: x | H3: =IF(C3="X",1)+IF(D3="X",2)+IF(E3="X",3)+IF(F3="X",4)+IF(G3="X",5) -> 3
A4: T1_SE3_Creazione | B4: Quanto ti senti in grado di completare l’intera procedura di setup iniziale senza consultare una guida? | D4: x | H4: =IF(C4="X",1)+IF(D4="X",2)+IF(E4="X",3)+IF(F4="X",4)+IF(G4="X",5) -> 2
B5: Knowledge&Skills
A6: T1_KS1_Creazione | B6: Hai capito quali tipi di hobby e preferenze culturali sono più rilevanti per il sistema? | E6: x | H6: =IF(C6="X",1)+IF(D6="X",2)+IF(E6="X",3)+IF(F6="X",4)+IF(G6="X",5) -> 3
A7: T1_KS2_Creazione | B7: Sai distinguere tra le diverse categorie di interessi messe a disposizione dall'app? | C7: x | H7: =IF(C7="X",1)+IF(D7="X",2)+IF(E7="X",3)+IF(F7="X",4)+IF(G7="X",5) -> 1
A8: T1_KS3_Creazione | B8: Conosci la differenza tra inserire un interesse generico e uno specifico in questa fase? | E8: x | H8: =IF(C8="X",1)+IF(D8="X",2)+IF(E8="X",3)+IF(F8="X",4)+IF(G8="X",5) -> 3
B9: Personal Control
A10: T1_PC1_Creazione | B10: Senti di poter decidere liberamente quali aspetti della tua vita privata omettere dal diario? | E10: x | H10: =IF(C10="X",1)+IF(D10="X",2)+IF(E10="X",3)+IF(F10="X",4)+IF(G10="X",5) -> 3
A11: T1_PC2_Creazione | B11: Ti senti padrone della scelta di quanto tempo dedicare a questa configurazione iniziale? | G11: x | H11: =IF(C11="X",1)+IF(D11="X",2)+IF(E11="X",3)+IF(F11="X",4)+IF(G11="X",5) -> 5
B12: Motivation
A13: T1_MOT1_Creazione | B13: Quanto ti stimola l'idea che, compilando il diario, l'app diventerà uno specchio dei tuoi gusti? | G13: x | H13: =IF(C13="X",1)+IF(D13="X",2)+IF(E13="X",3)+IF(F13="X",4)+IF(G13="X",5) -> 5
A14: T1_MOT1_Creazione | B14: Sei spinto a inserire più dettagli possibili per ottenere suggerimenti di alta qualità? | F14: x | H14: =IF(C14="X",1)+IF(D14="X",2)+IF(E14="X",3)+IF(F14="X",4)+IF(G14="X",5) -> 4
B15: Self Efficacy | C15: Scarso | D15: Sufficiente | E15: Buono | F15: Molto Buono | G15: Eccellente | H15: Valore
A16: T2_SE1_Aggiornamento | B16: Quanto ti senti sicuro di poter modificare i tuoi orari quando il tuo stile di vita cambia? | C16: x | H16: =IF(C16="X",1)+IF(D16="X",2)+IF(E16="X",3)+IF(F16="X",4)+IF(G16="X",5) -> 1
A17: T2_SE2_Aggiornamento | B17: Ti senti in grado di eliminare un vecchio interesse che non ti appartiene più in pochi secondi? | E17: x | H17: =IF(C17="X",1)+IF(D17="X",2)+IF(E17="X",3)+IF(F17="X",4)+IF(G17="X",5) -> 3
A18: T2_SE3_Aggiornamento | B18: Sei certo di riuscire a mantenere il diario aggiornato anche se hai poco tempo a disposizione? | E18: x | H18: =IF(C18="X",1)+IF(D18="X",2)+IF(E18="X",3)+IF(F18="X",4)+IF(G18="X",5) -> 3
B19: Knowledge&Skills
A20: T2_KS1_Aggiornamento | B20: Sai in quale sezione del profilo devi recarti per modificare la tua disponibilità settimanale? | D20: x | H20: =IF(C20="X",1)+IF(D20="X",2)+IF(E20="X",3)+IF(F20="X",4)+IF(G20="X",5) -> 2
A21: T2_KS2_Aggiornamento | B21: Hai compreso come le modifiche che apporti oggi influenzeranno i suggerimenti di domani? | E21: x | H21: =IF(C21="X",1)+IF(D21="X",2)+IF(E21="X",3)+IF(F21="X",4)+IF(G21="X",5) -> 3
A22: T2_KS3_Aggiornamento | B22: Conosci la procedura per salvare correttamente i cambiamenti apportati alle preferenze? | E22: x | H22: =IF(C22="X",1)+IF(D22="X",2)+IF(E22="X",3)+IF(F22="X",4)+IF(G22="X",5) -> 3
B23: Personal Control
A24: T2_PC1_Aggiornamento | B24: Senti di avere il controllo totale sulla frequenza con cui puoi cambiare i tuoi dati? | D24: x | H24: =IF(C24="X",1)+IF(D24="X",2)+IF(E24="X",3)+IF(F24="X",4)+IF(G24="X",5) -> 2
A25: T2_PC2_Aggiornamento | B25: Ti senti libero di resettare completamente le tue preferenze se decidi di cambiare interessi? | C25: x | H25: =IF(C25="X",1)+IF(D25="X",2)+IF(E25="X",3)+IF(F25="X",4)+IF(G25="X",5) -> 1
B26: Self Efficacy | C26: Scarso | D26: Sufficiente | E26: Buono | F26: Molto Buono | G26: Eccellente | H26: Valore
A27: T3_SE1_Visualizzazione | B27: Quanto ti senti capace di individuare rapidamente l'evento perfetto tra quelli proposti? | D27: x | H27: =IF(C27="X",1)+IF(D27="X",2)+IF(E27="X",3)+IF(F27="X",4)+IF(G27="X",5) -> 2
A28: T3_SE2_Visualizzazione | B28: Sei sicuro di saper navigare tra i vari suggerimenti senza sentirti sopraffatto? | C28: x | H28: =IF(C28="X",1)+IF(D28="X",2)+IF(E28="X",3)+IF(F28="X",4)+IF(G28="X",5) -> 1
A29: T3_SE3_Visualizzazione | B29: Ti senti in grado di interpretare correttamente i simboli che indicano la compatibilità con i tuoi gusti? | E29: x | H29: =IF(C29="X",1)+IF(D29="X",2)+IF(E29="X",3)+IF(F29="X",4)+IF(G29="X",5) -> 3
B30: Knowledge&Skills
A31: T3_KS1_Visualizzazione | B31: Sai come vengono ordinati i suggerimenti che vedi sulla schermata principale? | D31: x | H31: =IF(C31="X",1)+IF(D31="X",2)+IF(E31="X",3)+IF(F31="X",4)+IF(G31="X",5) -> 2
A32: T3_KS2_Visualizzazione | B32: Hai capito perché alcuni eventi appaiono come "prioritari" rispetto ad altri? | C32: x | H32: =IF(C32="X",1)+IF(D32="X",2)+IF(E32="X",3)+IF(F32="X",4)+IF(G32="X",5) -> 1
A33: T3_KS3_Visualizzazione | B33: Conosci il significato dei tag di categorizzazione associati a ogni suggerimento? | D33: x | H33: =IF(C33="X",1)+IF(D33="X",2)+IF(E33="X",3)+IF(F33="X",4)+IF(G33="X",5) -> 2
B34: Motivation
A35: T3_MOT1_Visualizzazione | B35: Quanto ti entusiasma scoprire attività nuove che non avresti mai cercato da solo? | G35: x | H35: =IF(C35="X",1)+IF(D35="X",2)+IF(E35="X",3)+IF(F35="X",4)+IF(G35="X",5) -> 5
A36: T3_MOT1_Visualizzazione | B36: Ti senti spronato a usare l'app ogni mattina per vedere cosa ha selezionato per te? | G36: x | H36: =IF(C36="X",1)+IF(D36="X",2)+IF(E36="X",3)+IF(F36="X",4)+IF(G36="X",5) -> 5
B37: Self Efficacy | C37: Scarso | D37: Sufficiente | E37: Buono | F37: Molto Buono | G37: Eccellente | H37: Valore
A38: T4_SE1_Analisi | B38: Quanto ti senti sicuro nel valutare se un evento è raggiungibile in tempo basandoti sulla distanza indicata? | E38: x | H38: =IF(C38="X",1)+IF(D38="X",2)+IF(E38="X",3)+IF(F38="X",4)+IF(G38="X",5) -> 3
A39: T4_SE2_Analisi | B39: Ti senti in grado di capire se un evento è adatto al tuo budget leggendo i dettagli? | F39: x | H39: =IF(C39="X",1)+IF(D39="X",2)+IF(E39="X",3)+IF(F39="X",4)+IF(G39="X",5) -> 4
A40: T4_SE3_Analisi | B40: Sei certo di poter decidere se partecipare a un evento dopo aver letto la sua descrizione tecnica? | F40: x | H40: =IF(C40="X",1)+IF(D40="X",2)+IF(E40="X",3)+IF(F40="X",4)+IF(G40="X",5) -> 4
B41: Knowledge&Skills
A42: T4_KS1_Analisi | B42: Sai dove trovare l'informazione relativa alla durata stimata dell'evento? | E42: x | H42: =IF(C42="X",1)+IF(D42="X",2)+IF(E42="X",3)+IF(F42="X",4)+IF(G42="X",5) -> 3
A43: T4_KS2_Analisi | B43: Comprendi come leggere le mappe o le indicazioni stradali fornite nella scheda? | D43: x | H43: =IF(C43="X",1)+IF(D43="X",2)+IF(E43="X",3)+IF(F43="X",4)+IF(G43="X",5) -> 2
A44: T4_KS3_Analisi | B44: Hai capito come verificare se ci sono ancora posti disponibili per l'attività scelta? | C44: x | H44: =IF(C44="X",1)+IF(D44="X",2)+IF(E44="X",3)+IF(F44="X",4)+IF(G44="X",5) -> 1
B45: Motivation
A46: T4_MOT1_Analisi | B46: Quanto ti senti rassicurato dal fatto di avere tutte le informazioni in un'unica schermata? | F46: x | H46: =IF(C46="X",1)+IF(D46="X",2)+IF(E46="X",3)+IF(F46="X",4)+IF(G46="X",5) -> 4
A47: T4_MOT1_Analisi | B47: Ti senti più propenso a uscire di casa se le informazioni fornite sono complete e chiare? | G47: x | H47: =IF(C47="X",1)+IF(D47="X",2)+IF(E47="X",3)+IF(F47="X",4)+IF(G47="X",5) -> 5
B48: Self Efficacy | C48: Scarso | D48: Sufficiente | E48: Buono | F48: Molto Buono | G48: Eccellente | H48: Valore
A49: T5_SE1_Prenotazione | B49: Quanto ti senti capace di confermare una prenotazione senza commettere errori di clic? | E49: x | H49: =IF(C49="X",1)+IF(D49="X",2)+IF(E49="X",3)+IF(F49="X",4)+IF(G49="X",5) -> 3
A50: T5_SE2_Prenotazione | B50: Sei sicuro di riuscire a gestire l'intera transazione (o conferma) in totale autonomia? | F50: x | H50: =IF(C50="X",1)+IF(D50="X",2)+IF(E50="X",3)+IF(F50="X",4)+IF(G50="X",5) -> 4
A51: T5_SE3_Prenotazione | B51: Ti senti in grado di recuperare il ticket o la conferma di prenotazione una volta terminato il processo? | D51: x | H51: =IF(C51="X",1)+IF(D51="X",2)+IF(E51="X",3)+IF(F51="X",4)+IF(G51="X",5) -> 2
B52: Knowledge&Skills
A53: T5_KS1_Prenotazione | B53: Conosci i passaggi necessari per finalizzare la prenotazione all'interno dell'app? | E53: x | H53: =IF(C53="X",1)+IF(D53="X",2)+IF(E53="X",3)+IF(F53="X",4)+IF(G53="X",5) -> 3
A54: T5_KS2_Prenotazione | B54: Sai quali dati ti verranno richiesti per confermare la tua presenza all'evento? | D54: x | H54: =IF(C54="X",1)+IF(D54="X",2)+IF(E54="X",3)+IF(F54="X",4)+IF(G54="X",5) -> 2
A55: T5_KS3_Prenotazione | B55: Hai capito cosa fare nel caso in cui tu debba annullare una prenotazione già effettuata? | C55: x | H55: =IF(C55="X",1)+IF(D55="X",2)+IF(E55="X",3)+IF(F55="X",4)+IF(G55="X",5) -> 1
B56: Personal Control
A57: T5_PC1_Prenotazione | B57: Senti di poter annullare l'operazione in qualsiasi momento prima della conferma definitiva? | E57: x | H57: =IF(C57="X",1)+IF(D57="X",2)+IF(E57="X",3)+IF(F57="X",4)+IF(G57="X",5) -> 3
A58: T5_PC2_Prenotazione | B58: Ti senti in controllo della scelta del metodo di conferma o di pagamento? | G58: x | H58: =IF(C58="X",1)+IF(D58="X",2)+IF(E58="X",3)+IF(F58="X",4)+IF(G58="X",5) -> 5
B59: Motivation
A60: T5_MOT1_Prenotazione | B60: Quanto valore dai alla possibilità di prenotare "al volo" senza cambiare applicazione? | F60: x | H60: =IF(C60="X",1)+IF(D60="X",2)+IF(E60="X",3)+IF(F60="X",4)+IF(G60="X",5) -> 4
A61: T5_MOT1_Prenotazione | B61: Ti senti più invogliato a partecipare agli eventi sapendo che la prenotazione richiede pochi secondi? | G61: x | H61: =IF(C61="X",1)+IF(D61="X",2)+IF(E61="X",3)+IF(F61="X",4)+IF(G61="X",5) -> 5
B62: Self Efficacy | C62: Scarso | D62: Sufficiente | E62: Buono | F62: Molto Buono | G62: Eccellente | H62: Valore
A63: T6_SE1_Sincronizzazione | B63: Quanto ti senti sicuro nel collegare l'app al tuo calendario (es. Google o Apple)? | E63: x | H63: =IF(C63="X",1)+IF(D63="X",2)+IF(E63="X",3)+IF(F63="X",4)+IF(G63="X",5) -> 3
A64: T6_SE2_Sincronizzazione | B64: Sei certo di saper risolvere eventuali conflitti di orario che il sistema potrebbe segnalarti? | D64: x | H64: =IF(C64="X",1)+IF(D64="X",2)+IF(E64="X",3)+IF(F64="X",4)+IF(G64="X",5) -> 2
A65: T6_SE3_Sincronizzazione | B65: Ti senti in grado di rimuovere un evento dal calendario se decidi di non andare più? | F65: x | H65: =IF(C65="X",1)+IF(D65="X",2)+IF(E65="X",3)+IF(F65="X",4)+IF(G65="X",5) -> 4
B66: Personal Control
A67: T6_PC1_Sincronizzazione | B67: Senti di poter scegliere su quale dei tuoi calendari (lavoro, privato, ecc.) salvare l'evento? | F67: x | H67: =IF(C67="X",1)+IF(D67="X",2)+IF(E67="X",3)+IF(F67="X",4)+IF(G67="X",5) -> 4
A68: T6_PC2_Sincronizzazione | B68: Ti senti padrone della decisione di quali dettagli dell'evento mostrare nel calendario esterno? | D68: x | H68: =IF(C68="X",1)+IF(D68="X",2)+IF(E68="X",3)+IF(F68="X",4)+IF(G68="X",5) -> 2
B69: Motivation
A70: T6_MOT1_Sincronizzazione | B70: Quanto ti senti sollevato nel sapere che non dovrai scrivere a mano l'impegno nel tuo diario? | E70: x | H70: =IF(C70="X",1)+IF(D70="X",2)+IF(E70="X",3)+IF(F70="X",4)+IF(G70="X",5) -> 3
A71: T6_MOT1_Sincronizzazione | B71: Ti motiva l'idea di avere una visione d'insieme perfetta tra i tuoi doveri e i tuoi hobby? | G71: x | H71: =IF(C71="X",1)+IF(D71="X",2)+IF(E71="X",3)+IF(F71="X",4)+IF(G71="X",5) -> 5
B72: Self Efficacy | C72: Scarso | D72: Sufficiente | E72: Buono | F72: Molto Buono | G72: Eccellente | H72: Valore
A73: T7_SE1_Ricezione | B73: Quanto ti senti capace di cogliere al volo un'opportunità suggerita dal sistema in un momento libero? | C73: x | H73: =IF(C73="X",1)+IF(D73="X",2)+IF(E73="X",3)+IF(F73="X",4)+IF(G73="X",5) -> 1
A74: T7_SE2_Ricezione | B74: Sei sicuro di saper gestire un cambio di programma basandoti su un suggerimento improvviso? | C74: x | H74: =IF(C74="X",1)+IF(D74="X",2)+IF(E74="X",3)+IF(F74="X",4)+IF(G74="X",5) -> 1
A75: T7_SE3_Ricezione | B75: Ti senti in grado di valutare rapidamente se il suggerimento "last minute" è compatibile con la tua energia? | E75: x | H75: =IF(C75="X",1)+IF(D75="X",2)+IF(E75="X",3)+IF(F75="X",4)+IF(G75="X",5) -> 3
B76: Knowledge&Skills
A77: T7_KS1_Ricezione | B77: Capisci perché l'app ti sta disturbando proprio in quel momento della giornata? | F77: x | H77: =IF(C77="X",1)+IF(D77="X",2)+IF(E77="X",3)+IF(F77="X",4)+IF(G77="X",5) -> 4
A78: T7_KS1_Ricezione | B78: Sai come l'app deduce che hai "due ore libere" (es. dai buchi nel calendario)? | D78: x | H78: =IF(C78="X",1)+IF(D78="X",2)+IF(E78="X",3)+IF(F78="X",4)+IF(G78="X",5) -> 2
A79: T7_KS3_Ricezione | B79: Conosci il modo per dire al sistema che in quel momento non vuoi ricevere suggerimenti? | D79: x | H79: =IF(C79="X",1)+IF(D79="X",2)+IF(E79="X",3)+IF(F79="X",4)+IF(G79="X",5) -> 2
B80: Personal Control
A81: T7_PC1_Ricezione | B81: Senti di poter silenziare questi suggerimenti se ti trovi in una giornata particolarmente stressante? | D81: x | H81: =IF(C81="X",1)+IF(D81="X",2)+IF(E81="X",3)+IF(F81="X",4)+IF(G81="X",5) -> 2
A82: T7_PC2_Ricezione | B82: Ti senti libero di ignorare la proposta senza che l'app te la riproponga ossessivamente? | F82: x | H82: =IF(C82="X",1)+IF(D82="X",2)+IF(E82="X",3)+IF(F82="X",4)+IF(G82="X",5) -> 4
B83: Motivation
A84: T7_MOT1_Ricezione | B84: Quanto ti entusiasma l'idea di avere un assistente che trova attività per te quando sei annoiato? | F84: x | H84: =IF(C84="X",1)+IF(D84="X",2)+IF(E84="X",3)+IF(F84="X",4)+IF(G84="X",5) -> 4
A85: T7_MOT1_Ricezione | B85: Ti senti stimolato a essere più spontaneo grazie ai suggerimenti contestuali dell'app? | E85: x | H85: =IF(C85="X",1)+IF(D85="X",2)+IF(E85="X",3)+IF(F85="X",4)+IF(G85="X",5) -> 3
B86: Self Efficacy | C86: Scarso | D86: Sufficiente | E86: Buono | F86: Molto Buono | G86: Eccellente | H86: Valore
A87: T8_SE1_Gestione | B87: Quanto ti senti sicuro di poter impostare le notifiche in modo che non siano mai fastidiose? | F87: x | H87: =IF(C87="X",1)+IF(D87="X",2)+IF(E87="X",3)+IF(F87="X",4)+IF(G87="X",5) -> 4
A88: T8_SE2_Gestione | B88: Sei in grado di trovare il giusto equilibrio tra ricezione di info e tranquillità personale? | E88: x | H88: =IF(C88="X",1)+IF(D88="X",2)+IF(E88="X",3)+IF(F88="X",4)+IF(G88="X",5) -> 3
A89: T8_SE3_Gestione | B89: Ti senti capace di riattivare le notifiche se dovessi accorgerti di perdere eventi interessanti? | F89: x | H89: =IF(C89="X",1)+IF(D89="X",2)+IF(E89="X",3)+IF(F89="X",4)+IF(G89="X",5) -> 4
B90: Personal Control
A91: T8_PC1_Gestione | B91: Senti di avere il potere di "zittire" l'app completamente se ne senti il bisogno? | D91: x | H91: =IF(C91="X",1)+IF(D91="X",2)+IF(E91="X",3)+IF(F91="X",4)+IF(G91="X",5) -> 2
A92: T8_PC2_Gestione | B92: Ti senti in controllo della modalità con cui il "diario" interagisce con te durante il giorno? | F92: x | H92: =IF(C92="X",1)+IF(D92="X",2)+IF(E92="X",3)+IF(F92="X",4)+IF(G92="X",5) -> 4
B93: Motivation
A94: T8_MOT1_Gestione | B94: Quanto ti rassicura sapere che l'app non sarà invasiva se decidi di limitare le notifiche? | G94: x | H94: =IF(C94="X",1)+IF(D94="X",2)+IF(E94="X",3)+IF(F94="X",4)+IF(G94="X",5) -> 5
A95: T8_MOT1_Gestione | B95: Ti senti più propenso a tenere l'app installata sapendo di poter gestire ogni singola notifica? | E95: x | H95: =IF(C95="X",1)+IF(D95="X",2)+IF(E95="X",3)+IF(F95="X",4)+IF(G95="X",5) -> 3

Sheet Quest.Utente4
B1: Self Efficacy | C1: Scarso | D1: Sufficiente | E1: Buono | F1: Molto Buono | G1: Eccellente | H1: Valore
A2: T1_SE1_Creazione | B2: Quanto ti senti capace di inserire i tuoi interessi in modo che il sistema ti capisca perfettamente? | E2: x | H2: =IF(C2="X",1)+IF(D2="X",2)+IF(E2="X",3)+IF(F2="X",4)+IF(G2="X",5) -> 3
A3: T1_SE2_Creazione | B3: Sei sicuro di riuscire a configurare la tua disponibilità oraria senza fare confusione tra i giorni? | E3: x | H3: =IF(C3="X",1)+IF(D3="X",2)+IF(E3="X",3)+IF(F3="X",4)+IF(G3="X",5) -> 3
A4: T1_SE3_Creazione | B4: Quanto ti senti in grado di completare l’intera procedura di setup iniziale senza consultare una guida? | G4: x | H4: =IF(C4="X",1)+IF(D4="X",2)+IF(E4="X",3)+IF(F4="X",4)+IF(G4="X",5) -> 5
B5: Knowledge&Skills
A6: T1_KS1_Creazione | B6: Hai capito quali tipi di hobby e preferenze culturali sono più rilevanti per il sistema? | F6: x | H6: =IF(C6="X",1)+IF(D6="X",2)+IF(E6="X",3)+IF(F6="X",4)+IF(G6="X",5) -> 4
A7: T1_KS2_Creazione | B7: Sai distinguere tra le diverse categorie di interessi messe a disposizione dall'app? | E7: x | H7: =IF(C7="X",1)+IF(D7="X",2)+IF(E7="X",3)+IF(F7="X",4)+IF(G7="X",5) -> 3
A8: T1_KS3_Creazione | B8: Conosci la differenza tra inserire un interesse generico e uno specifico in questa fase? | E8: x | H8: =IF(C8="X",1)+IF(D8="X",2)+IF(E8="X",3)+IF(F8="X",4)+IF(G8="X",5) -> 3
B9: Personal Control
A10: T1_PC1_Creazione | B10: Senti di poter decidere liberamente quali aspetti della tua vita privata omettere dal diario? | E10: x | H10: =IF(C10="X",1)+IF(D10="X",2)+IF(E10="X",3)+IF(F10="X",4)+IF(G10="X",5) -> 3
A11: T1_PC2_Creazione | B11: Ti senti padrone della scelta di quanto tempo dedicare a questa configurazione iniziale? | G11: x | H11: =IF(C11="X",1)+IF(D11="X",2)+IF(E11="X",3)+IF(F11="X",4)+IF(G11="X",5) -> 5
B12: Motivation
A13: T1_MOT1_Creazione | B13: Quanto ti stimola l'idea che, compilando il diario, l'app diventerà uno specchio dei tuoi gusti? | E13: x | H13: =IF(C13="X",1)+IF(D13="X",2)+IF(E13="X",3)+IF(F13="X",4)+IF(G13="X",5) -> 3
A14: T1_MOT1_Creazione | B14: Sei spinto a inserire più dettagli possibili per ottenere suggerimenti di alta qualità? | D14: x | H14: =IF(C14="X",1)+IF(D14="X",2)+IF(E14="X",3)+IF(F14="X",4)+IF(G14="X",5) -> 2
B15: Self Efficacy
A16: T2_SE1_Aggiornamento | B16: Quanto ti senti sicuro di poter modificare i tuoi orari quando il tuo stile di vita cambia? | G16: x | H16: =IF(C16="X",1)+IF(D16="X",2)+IF(E16="X",3)+IF(F16="X",4)+IF(G16="X",5) -> 5
A17: T2_SE2_Aggiornamento | B17: Ti senti in grado di eliminare un vecchio interesse che non ti appartiene più in pochi secondi? | D17: x | H17: =IF(C17="X",1)+IF(D17="X",2)+IF(E17="X",3)+IF(F17="X",4)+IF(G17="X",5) -> 2
A18: T2_SE3_Aggiornamento | B18: Sei certo di riuscire a mantenere il diario aggiornato anche se hai poco tempo a disposizione? | E18: x | H18: =IF(C18="X",1)+IF(D18="X",2)+IF(E18="X",3)+IF(F18="X",4)+IF(G18="X",5) -> 3
B19: Knowledge&Skills
A20: T2_KS1_Aggiornamento | B20: Sai in quale sezione del profilo devi recarti per modificare la tua disponibilità settimanale? | D20: x | H20: =IF(C20="X",1)+IF(D20="X",2)+IF(E20="X",3)+IF(F20="X",4)+IF(G20="X",5) -> 2
A21: T2_KS2_Aggiornamento | B21: Hai compreso come le modifiche che apporti oggi influenzeranno i suggerimenti di domani? | F21: x | H21: =IF(C21="X",1)+IF(D21="X",2)+IF(E21="X",3)+IF(F21="X",4)+IF(G21="X",5) -> 4
A22: T2_KS3_Aggiornamento | B22: Conosci la procedura per salvare correttamente i cambiamenti apportati alle preferenze? | G22: x | H22: =IF(C22="X",1)+IF(D22="X",2)+IF(E22="X",3)+IF(F22="X",4)+IF(G22="X",5) -> 5
B23: Personal Control
A24: T2_PC1_Aggiornamento | B24: Senti di avere il controllo totale sulla frequenza con cui puoi cambiare i tuoi dati? | E24: x | H24: =IF(C24="X",1)+IF(D24="X",2)+IF(E24="X",3)+IF(F24="X",4)+IF(G24="X",5) -> 3
A25: T2_PC2_Aggiornamento | B25: Ti senti libero di resettare completamente le tue preferenze se decidi di cambiare interessi? | D25: x | H25: =IF(C25="X",1)+IF(D25="X",2)+IF(E25="X",3)+IF(F25="X",4)+IF(G25="X",5) -> 2
B26: Self Efficacy | C26: Scarso | D26: Sufficiente | E26: Buono | F26: Molto Buono | G26: Eccellente | H26: Valore
A27: T3_SE1_Visualizzazione | B27: Quanto ti senti capace di individuare rapidamente l'evento perfetto tra quelli proposti? | F27: x | H27: =IF(C27="X",1)+IF(D27="X",2)+IF(E27="X",3)+IF(F27="X",4)+IF(G27="X",5) -> 4
A28: T3_SE2_Visualizzazione | B28: Sei sicuro di saper navigare tra i vari suggerimenti senza sentirti sopraffatto? | F28: x | H28: =IF(C28="X",1)+IF(D28="X",2)+IF(E28="X",3)+IF(F28="X",4)+IF(G28="X",5) -> 4
A29: T3_SE3_Visualizzazione | B29: Ti senti in grado di interpretare correttamente i simboli che indicano la compatibilità con i tuoi gusti? | E29: x | H29: =IF(C29="X",1)+IF(D29="X",2)+IF(E29="X",3)+IF(F29="X",4)+IF(G29="X",5) -> 3
B30: Knowledge&Skills
A31: T3_KS1_Visualizzazione | B31: Sai come vengono ordinati i suggerimenti che vedi sulla schermata principale? | F31: x | H31: =IF(C31="X",1)+IF(D31="X",2)+IF(E31="X",3)+IF(F31="X",4)+IF(G31="X",5) -> 4
A32: T3_KS2_Visualizzazione | B32: Hai capito perché alcuni eventi appaiono come "prioritari" rispetto ad altri? | C32: x | H32: =IF(C32="X",1)+IF(D32="X",2)+IF(E32="X",3)+IF(F32="X",4)+IF(G32="X",5) -> 1
A33: T3_KS3_Visualizzazione | B33: Conosci il significato dei tag di categorizzazione associati a ogni suggerimento? | E33: x | H33: =IF(C33="X",1)+IF(D33="X",2)+IF(E33="X",3)+IF(F33="X",4)+IF(G33="X",5) -> 3
B34: Motivation
A35: T3_MOT1_Visualizzazione | B35: Quanto ti entusiasma scoprire attività nuove che non avresti mai cercato da solo? | G35: x | H35: =IF(C35="X",1)+IF(D35="X",2)+IF(E35="X",3)+IF(F35="X",4)+IF(G35="X",5) -> 5
A36: T3_MOT1_Visualizzazione | B36: Ti senti spronato a usare l'app ogni mattina per vedere cosa ha selezionato per te? | E36: x | H36: =IF(C36="X",1)+IF(D36="X",2)+IF(E36="X",3)+IF(F36="X",4)+IF(G36="X",5) -> 3
B37: Self Efficacy | C37: Scarso | D37: Sufficiente | E37: Buono | F37: Molto Buono | G37: Eccellente | H37: Valore
A38: T4_SE1_Analisi | B38: Quanto ti senti sicuro nel valutare se un evento è raggiungibile in tempo basandoti sulla distanza indicata? | G38: x | H38: =IF(C38="X",1)+IF(D38="X",2)+IF(E38="X",3)+IF(F38="X",4)+IF(G38="X",5) -> 5
A39: T4_SE2_Analisi | B39: Ti senti in grado di capire se un evento è adatto al tuo budget leggendo i dettagli? | E39: x | H39: =IF(C39="X",1)+IF(D39="X",2)+IF(E39="X",3)+IF(F39="X",4)+IF(G39="X",5) -> 3
A40: T4_SE3_Analisi | B40: Sei certo di poter decidere se partecipare a un evento dopo aver letto la sua descrizione tecnica? | G40: x | H40: =IF(C40="X",1)+IF(D40="X",2)+IF(E40="X",3)+IF(F40="X",4)+IF(G40="X",5) -> 5
B41: Knowledge&Skills
A42: T4_KS1_Analisi | B42: Sai dove trovare l'informazione relativa alla durata stimata dell'evento? | G42: x | H42: =IF(C42="X",1)+IF(D42="X",2)+IF(E42="X",3)+IF(F42="X",4)+IF(G42="X",5) -> 5
A43: T4_KS2_Analisi | B43: Comprendi come leggere le mappe o le indicazioni stradali fornite nella scheda? | E43: x | H43: =IF(C43="X",1)+IF(D43="X",2)+IF(E43="X",3)+IF(F43="X",4)+IF(G43="X",5) -> 3
A44: T4_KS3_Analisi | B44: Hai capito come verificare se ci sono ancora posti disponibili per l'attività scelta? | C44: x | H44: =IF(C44="X",1)+IF(D44="X",2)+IF(E44="X",3)+IF(F44="X",4)+IF(G44="X",5) -> 1
B45: Motivation
A46: T4_MOT1_Analisi | B46: Quanto ti senti rassicurato dal fatto di avere tutte le informazioni in un'unica schermata? | D46: x | H46: =IF(C46="X",1)+IF(D46="X",2)+IF(E46="X",3)+IF(F46="X",4)+IF(G46="X",5) -> 2
A47: T4_MOT1_Analisi | B47: Ti senti più propenso a uscire di casa se le informazioni fornite sono complete e chiare? | F47: x | H47: =IF(C47="X",1)+IF(D47="X",2)+IF(E47="X",3)+IF(F47="X",4)+IF(G47="X",5) -> 4
B48: Self Efficacy | C48: Scarso | D48: Sufficiente | E48: Buono | F48: Molto Buono | G48: Eccellente | H48: Valore
A49: T5_SE1_Prenotazione | B49: Quanto ti senti capace di confermare una prenotazione senza commettere errori di clic? | G49: x | H49: =IF(C49="X",1)+IF(D49="X",2)+IF(E49="X",3)+IF(F49="X",4)+IF(G49="X",5) -> 5
A50: T5_SE2_Prenotazione | B50: Sei sicuro di riuscire a gestire l'intera transazione (o conferma) in totale autonomia? | G50: x | H50: =IF(C50="X",1)+IF(D50="X",2)+IF(E50="X",3)+IF(F50="X",4)+IF(G50="X",5) -> 5
A51: T5_SE3_Prenotazione | B51: Ti senti in grado di recuperare il ticket o la conferma di prenotazione una volta terminato il processo? | F51: x | H51: =IF(C51="X",1)+IF(D51="X",2)+IF(E51="X",3)+IF(F51="X",4)+IF(G51="X",5) -> 4
B52: Knowledge&Skills
A53: T5_KS1_Prenotazione | B53: Conosci i passaggi necessari per finalizzare la prenotazione all'interno dell'app? | F53: x | H53: =IF(C53="X",1)+IF(D53="X",2)+IF(E53="X",3)+IF(F53="X",4)+IF(G53="X",5) -> 4
A54: T5_KS2_Prenotazione | B54: Sai quali dati ti verranno richiesti per confermare la tua presenza all'evento? | E54: x | H54: =IF(C54="X",1)+IF(D54="X",2)+IF(E54="X",3)+IF(F54="X",4)+IF(G54="X",5) -> 3
A55: T5_KS3_Prenotazione | B55: Hai capito cosa fare nel caso in cui tu debba annullare una prenotazione già effettuata? | F55: x | H55: =IF(C55="X",1)+IF(D55="X",2)+IF(E55="X",3)+IF(F55="X",4)+IF(G55="X",5) -> 4
B56: Personal Control
A57: T5_PC1_Prenotazione | B57: Senti di poter annullare l'operazione in qualsiasi momento prima della conferma definitiva? | F57: x | H57: =IF(C57="X",1)+IF(D57="X",2)+IF(E57="X",3)+IF(F57="X",4)+IF(G57="X",5) -> 4
A58: T5_PC2_Prenotazione | B58: Ti senti in controllo della scelta del metodo di conferma o di pagamento? | E58: x | H58: =IF(C58="X",1)+IF(D58="X",2)+IF(E58="X",3)+IF(F58="X",4)+IF(G58="X",5) -> 3
B59: Motivation
A60: T5_MOT1_Prenotazione | B60: Quanto valore dai alla possibilità di prenotare "al volo" senza cambiare applicazione? | G60: x | H60: =IF(C60="X",1)+IF(D60="X",2)+IF(E60="X",3)+IF(F60="X",4)+IF(G60="X",5) -> 5
A61: T5_MOT1_Prenotazione | B61: Ti senti più invogliato a partecipare agli eventi sapendo che la prenotazione richiede pochi secondi? | E61: x | H61: =IF(C61="X",1)+IF(D61="X",2)+IF(E61="X",3)+IF(F61="X",4)+IF(G61="X",5) -> 3
B62: Self Efficacy | C62: Scarso | D62: Sufficiente | E62: Buono | F62: Molto Buono | G62: Eccellente | H62: Valore
A63: T6_SE1_Sincronizzazione | B63: Quanto ti senti sicuro nel collegare l'app al tuo calendario (es. Google o Apple)? | E63: x | H63: =IF(C63="X",1)+IF(D63="X",2)+IF(E63="X",3)+IF(F63="X",4)+IF(G63="X",5) -> 3
A64: T6_SE2_Sincronizzazione | B64: Sei certo di saper risolvere eventuali conflitti di orario che il sistema potrebbe segnalarti? | F64: x | H64: =IF(C64="X",1)+IF(D64="X",2)+IF(E64="X",3)+IF(F64="X",4)+IF(G64="X",5) -> 4
A65: T6_SE3_Sincronizzazione | B65: Ti senti in grado di rimuovere un evento dal calendario se decidi di non andare più? | E65: x | H65: =IF(C65="X",1)+IF(D65="X",2)+IF(E65="X",3)+IF(F65="X",4)+IF(G65="X",5) -> 3
B66: Personal Control
A67: T6_PC1_Sincronizzazione | B67: Senti di poter scegliere su quale dei tuoi calendari (lavoro, privato, ecc.) salvare l'evento? | G67: x | H67: =IF(C67="X",1)+IF(D67="X",2)+IF(E67="X",3)+IF(F67="X",4)+IF(G67="X",5) -> 5
A68: T6_PC2_Sincronizzazione | B68: Ti senti padrone della decisione di quali dettagli dell'evento mostrare nel calendario esterno? | F68: x | H68: =IF(C68="X",1)+IF(D68="X",2)+IF(E68="X",3)+IF(F68="X",4)+IF(G68="X",5) -> 4
B69: Motivation
A70: T6_MOT1_Sincronizzazione | B70: Quanto ti senti sollevato nel sapere che non dovrai scrivere a mano l'impegno nel tuo diario? | F70: x | H70: =IF(C70="X",1)+IF(D70="X",2)+IF(E70="X",3)+IF(F70="X",4)+IF(G70="X",5) -> 4
A71: T6_MOT1_Sincronizzazione | B71: Ti motiva l'idea di avere una visione d'insieme perfetta tra i tuoi doveri e i tuoi hobby? | E71: x | H71: =IF(C71="X",1)+IF(D71="X",2)+IF(E71="X",3)+IF(F71="X",4)+IF(G71="X",5) -> 3
B72: Self Efficacy | C72: Scarso | D72: Sufficiente | E72: Buono | F72: Molto Buono | G72: Eccellente | H72: Valore
A73: T7_SE1_Ricezione | B73: Quanto ti senti capace di cogliere al volo un'opportunità suggerita dal sistema in un momento libero? | E73: x | H73: =IF(C73="X",1)+IF(D73="X",2)+IF(E73="X",3)+IF(F73="X",4)+IF(G73="X",5) -> 3
A74: T7_SE2_Ricezione | B74: Sei sicuro di saper gestire un cambio di programma basandoti su un suggerimento improvviso? | F74: x | H74: =IF(C74="X",1)+IF(D74="X",2)+IF(E74="X",3)+IF(F74="X",4)+IF(G74="X",5) -> 4
A75: T7_SE3_Ricezione | B75: Ti senti in grado di valutare rapidamente se il suggerimento "last minute" è compatibile con la tua energia? | F75: x | H75: =IF(C75="X",1)+IF(D75="X",2)+IF(E75="X",3)+IF(F75="X",4)+IF(G75="X",5) -> 4
B76: Knowledge&Skills
A77: T7_KS1_Ricezione | B77: Capisci perché l'app ti sta disturbando proprio in quel momento della giornata? | E77: x | H77: =IF(C77="X",1)+IF(D77="X",2)+IF(E77="X",3)+IF(F77="X",4)+IF(G77="X",5) -> 3
A78: T7_KS1_Ricezione | B78: Sai come l'app deduce che hai "due ore libere" (es. dai buchi nel calendario)? | F78: x | H78: =IF(C78="X",1)+IF(D78="X",2)+IF(E78="X",3)+IF(F78="X",4)+IF(G78="X",5) -> 4
A79: T7_KS3_Ricezione | B79: Conosci il modo per dire al sistema che in quel momento non vuoi ricevere suggerimenti? | E79: x | H79: =IF(C79="X",1)+IF(D79="X",2)+IF(E79="X",3)+IF(F79="X",4)+IF(G79="X",5) -> 3
B80: Personal Control
A81: T7_PC1_Ricezione | B81: Senti di poter silenziare questi suggerimenti se ti trovi in una giornata particolarmente stressante? | G81: x | H81: =IF(C81="X",1)+IF(D81="X",2)+IF(E81="X",3)+IF(F81="X",4)+IF(G81="X",5) -> 5
A82: T7_PC2_Ricezione | B82: Ti senti libero di ignorare la proposta senza che l'app te la riproponga ossessivamente? | G82: x | H82: =IF(C82="X",1)+IF(D82="X",2)+IF(E82="X",3)+IF(F82="X",4)+IF(G82="X",5) -> 5
B83: Motivation
A84: T7_MOT1_Ricezione | B84: Quanto ti entusiasma l'idea di avere un assistente che trova attività per te quando sei annoiato? | E84: x | H84: =IF(C84="X",1)+IF(D84="X",2)+IF(E84="X",3)+IF(F84="X",4)+IF(G84="X",5) -> 3
A85: T7_MOT1_Ricezione | B85: Ti senti stimolato a essere più spontaneo grazie ai suggerimenti contestuali dell'app? | F85: x | H85: =IF(C85="X",1)+IF(D85="X",2)+IF(E85="X",3)+IF(F85="X",4)+IF(G85="X",5) -> 4
B86: Self Efficacy | C86: Scarso | D86: Sufficiente | E86: Buono | F86: Molto Buono | G86: Eccellente | H86: Valore
A87: T8_SE1_Gestione | B87: Quanto ti senti sicuro di poter impostare le notifiche in modo che non siano mai fastidiose? | E87: x | H87: =IF(C87="X",1)+IF(D87="X",2)+IF(E87="X",3)+IF(F87="X",4)+IF(G87="X",5) -> 3
A88: T8_SE2_Gestione | B88: Sei in grado di trovare il giusto equilibrio tra ricezione di info e tranquillità personale? | F88: x | H88: =IF(C88="X",1)+IF(D88="X",2)+IF(E88="X",3)+IF(F88="X",4)+IF(G88="X",5) -> 4
A89: T8_SE3_Gestione | B89: Ti senti capace di riattivare le notifiche se dovessi accorgerti di perdere eventi interessanti? | E89: x | H89: =IF(C89="X",1)+IF(D89="X",2)+IF(E89="X",3)+IF(F89="X",4)+IF(G89="X",5) -> 3
B90: Personal Control
A91: T8_PC1_Gestione | B91: Senti di avere il potere di "zittire" l'app completamente se ne senti il bisogno? | G91: x | H91: =IF(C91="X",1)+IF(D91="X",2)+IF(E91="X",3)+IF(F91="X",4)+IF(G91="X",5) -> 5
A92: T8_PC2_Gestione | B92: Ti senti in controllo della modalità con cui il "diario" interagisce con te durante il giorno? | F92: x | H92: =IF(C92="X",1)+IF(D92="X",2)+IF(E92="X",3)+IF(F92="X",4)+IF(G92="X",5) -> 4
B93: Motivation
A94: T8_MOT1_Gestione | B94: Quanto ti rassicura sapere che l'app non sarà invasiva se decidi di limitare le notifiche? | E94: x | H94: =IF(C94="X",1)+IF(D94="X",2)+IF(E94="X",3)+IF(F94="X",4)+IF(G94="X",5) -> 3
A95: T8_MOT1_Gestione | B95: Ti senti più propenso a tenere l'app installata sapendo di poter gestire ogni singola notifica? | F95: x | H95: =IF(C95="X",1)+IF(D95="X",2)+IF(E95="X",3)+IF(F95="X",4)+IF(G95="X",5) -> 4

Sheet MEDIE
B1: Self Efficacy | C1: Valore
A2: T1_SE1_Creazione | B2: Quanto ti senti capace di inserire i tuoi interessi in modo che il sistema ti capisca perfettamente? | C2: =AVERAGE(Quest.Utente1!H2,Quest.Utente2!H2,Quest.Utente3!H2,Quest.Utente4!H2) -> 3
A3: T1_SE2_Creazione | B3: Sei sicuro di riuscire a configurare la tua disponibilità oraria senza fare confusione tra i giorni? | C3: =AVERAGE(Quest.Utente1!H3,Quest.Utente2!H3,Quest.Utente3!H3,Quest.Utente4!H3) -> 3.5
A4: T1_SE3_Creazione | B4: Quanto ti senti in grado di completare l’intera procedura di setup iniziale senza consultare una guida? | C4: =AVERAGE(Quest.Utente1!H4,Quest.Utente2!H4,Quest.Utente3!H4,Quest.Utente4!H4) -> 3.5
B5: Knowledge&Skills
A6: T1_KS1_Creazione | B6: Hai capito quali tipi di hobby e preferenze culturali sono più rilevanti per il sistema? | C6: =AVERAGE(Quest.Utente1!H6,Quest.Utente2!H6,Quest.Utente3!H6,Quest.Utente4!H6) -> 3.25
A7: T1_KS2_Creazione | B7: Sai distinguere tra le diverse categorie di interessi messe a disposizione dall'app? | C7: =AVERAGE(Quest.Utente1!H7,Quest.Utente2!H7,Quest.Utente3!H7,Quest.Utente4!H7) -> 2.75
A8: T1_KS3_Creazione | B8: Conosci la differenza tra inserire un interesse generico e uno specifico in questa fase? | C8: =AVERAGE(Quest.Utente1!H8,Quest.Utente2!H8,Quest.Utente3!H8,Quest.Utente4!H8) -> 3
B9: Personal Control
A10: T1_PC1_Creazione | B10: Senti di poter decidere liberamente quali aspetti della tua vita privata omettere dal diario? | C10: =AVERAGE(Quest.Utente1!H10,Quest.Utente2!H10,Quest.Utente3!H10,Quest.Utente4!H10) -> 3.5
A11: T1_PC2_Creazione | B11: Ti senti padrone della scelta di quanto tempo dedicare a questa configurazione iniziale? | C11: =AVERAGE(Quest.Utente1!H11,Quest.Utente2!H11,Quest.Utente3!H11,Quest.Utente4!H11) -> 4.75
B12: Motivation
A13: T1_MOT1_Creazione | B13: Quanto ti stimola l'idea che, compilando il diario, l'app diventerà uno specchio dei tuoi gusti? | C13: =AVERAGE(Quest.Utente1!H13,Quest.Utente2!H13,Quest.Utente3!H13,Quest.Utente4!H13) -> 4
A14: T1_MOT1_Creazione | B14: Sei spinto a inserire più dettagli possibili per ottenere suggerimenti di alta qualità? | C14: =AVERAGE(Quest.Utente1!H14,Quest.Utente2!H14,Quest.Utente3!H14,Quest.Utente4!H14) -> 3.25
B15: Self Efficacy
A16: T2_SE1_Aggiornamento | B16: Quanto ti senti sicuro di poter modificare i tuoi orari quando il tuo stile di vita cambia? | C16: =AVERAGE(Quest.Utente1!H16,Quest.Utente2!H16,Quest.Utente3!H16,Quest.Utente4!H16) -> 3.25
A17: T2_SE2_Aggiornamento | B17: Ti senti in grado di eliminare un vecchio interesse che non ti appartiene più in pochi secondi? | C17: =AVERAGE(Quest.Utente1!H17,Quest.Utente2!H17,Quest.Utente3!H17,Quest.Utente4!H17) -> 2
A18: T2_SE3_Aggiornamento | B18: Sei certo di riuscire a mantenere il diario aggiornato anche se hai poco tempo a disposizione? | C18: =AVERAGE(Quest.Utente1!H18,Quest.Utente2!H18,Quest.Utente3!H18,Quest.Utente4!H18) -> 3.5
B19: Knowledge&Skills
A20: T2_KS1_Aggiornamento | B20: Sai in quale sezione del profilo devi recarti per modificare la tua disponibilità settimanale? | C20: =AVERAGE(Quest.Utente1!H20,Quest.Utente2!H20,Quest.Utente3!H20,Quest.Utente4!H20) -> 2.5
A21: T2_KS2_Aggiornamento | B21: Hai compreso come le modifiche che apporti oggi influenzeranno i suggerimenti di domani? | C21: =AVERAGE(Quest.Utente1!H21,Quest.Utente2!H21,Quest.Utente3!H21,Quest.Utente4!H21) -> 4
A22: T2_KS3_Aggiornamento | B22: Conosci la procedura per salvare correttamente i cambiamenti apportati alle preferenze? | C22: =AVERAGE(Quest.Utente1!H22,Quest.Utente2!H22,Quest.Utente3!H22,Quest.Utente4!H22) -> 4
B23: Personal Control
A24: T2_PC1_Aggiornamento | B24: Senti di avere il controllo totale sulla frequenza con cui puoi cambiare i tuoi dati? | C24: =AVERAGE(Quest.Utente1!H24,Quest.Utente2!H24,Quest.Utente3!H24,Quest.Utente4!H24) -> 3.25
A25: T2_PC2_Aggiornamento | B25: Ti senti libero di resettare completamente le tue preferenze se decidi di cambiare interessi? | C25: =AVERAGE(Quest.Utente1!H25,Quest.Utente2!H25,Quest.Utente3!H25,Quest.Utente4!H25) -> 2
B26: Self Efficacy
A27: T3_SE1_Visualizzazione | B27: Quanto ti senti capace di individuare rapidamente l'evento perfetto tra quelli proposti? | C27: =AVERAGE(Quest.Utente1!H27,Quest.Utente2!H27,Quest.Utente3!H27,Quest.Utente4!H27) -> 2.75
A28: T3_SE2_Visualizzazione | B28: Sei sicuro di saper navigare tra i vari suggerimenti senza sentirti sopraffatto? | C28: =AVERAGE(Quest.Utente1!H28,Quest.Utente2!H28,Quest.Utente3!H28,Quest.Utente4!H28) -> 2.5
A29: T3_SE3_Visualizzazione | B29: Ti senti in grado di interpretare correttamente i simboli che indicano la compatibilità con i tuoi gusti? | C29: =AVERAGE(Quest.Utente1!H29,Quest.Utente2!H29,Quest.Utente3!H29,Quest.Utente4!H29) -> 3.25
B30: Knowledge&Skills
A31: T3_KS1_Visualizzazione | B31: Sai come vengono ordinati i suggerimenti che vedi sulla schermata principale? | C31: =AVERAGE(Quest.Utente1!H31,Quest.Utente2!H31,Quest.Utente3!H31,Quest.Utente4!H31) -> 3.25
A32: T3_KS2_Visualizzazione | B32: Hai capito perché alcuni eventi appaiono come "prioritari" rispetto ad altri? | C32: =AVERAGE(Quest.Utente1!H32,Quest.Utente2!H32,Quest.Utente3!H32,Quest.Utente4!H32) -> 2
A33: T3_KS3_Visualizzazione | B33: Conosci il significato dei tag di categorizzazione associati a ogni suggerimento? | C33: =AVERAGE(Quest.Utente1!H33,Quest.Utente2!H33,Quest.Utente3!H33,Quest.Utente4!H33) -> 3.25
B34: Motivation
A35: T3_MOT1_Visualizzazione | B35: Quanto ti entusiasma scoprire attività nuove che non avresti mai cercato da solo? | C35: =AVERAGE(Quest.Utente1!H35,Quest.Utente2!H35,Quest.Utente3!H35,Quest.Utente4!H35) -> 5
A36: T3_MOT1_Visualizzazione | B36: Ti senti spronato a usare l'app ogni mattina per vedere cosa ha selezionato per te? | C36: =AVERAGE(Quest.Utente1!H36,Quest.Utente2!H36,Quest.Utente3!H36,Quest.Utente4!H36) -> 3.75
B37: Self Efficacy
A38: T4_SE1_Analisi | B38: Quanto ti senti sicuro nel valutare se un evento è raggiungibile in tempo basandoti sulla distanza indicata? | C38: =AVERAGE(Quest.Utente1!H38,Quest.Utente2!H38,Quest.Utente3!H38,Quest.Utente4!H38) -> 4.25
A39: T4_SE2_Analisi | B39: Ti senti in grado di capire se un evento è adatto al tuo budget leggendo i dettagli? | C39: =AVERAGE(Quest.Utente1!H39,Quest.Utente2!H39,Quest.Utente3!H39,Quest.Utente4!H39) -> 3.5
A40: T4_SE3_Analisi | B40: Sei certo di poter decidere se partecipare a un evento dopo aver letto la sua descrizione tecnica? | C40: =AVERAGE(Quest.Utente1!H40,Quest.Utente2!H40,Quest.Utente3!H40,Quest.Utente4!H40) -> 4.5
B41: Knowledge&Skills
A42: T4_KS1_Analisi | B42: Sai dove trovare l'informazione relativa alla durata stimata dell'evento? | C42: =AVERAGE(Quest.Utente1!H42,Quest.Utente2!H42,Quest.Utente3!H42,Quest.Utente4!H42) -> 3.75
A43: T4_KS2_Analisi | B43: Comprendi come leggere le mappe o le indicazioni stradali fornite nella scheda? | C43: =AVERAGE(Quest.Utente1!H43,Quest.Utente2!H43,Quest.Utente3!H43,Quest.Utente4!H43) -> 2.5
A44: T4_KS3_Analisi | B44: Hai capito come verificare se ci sono ancora posti disponibili per l'attività scelta? | C44: =AVERAGE(Quest.Utente1!H44,Quest.Utente2!H44,Quest.Utente3!H44,Quest.Utente4!H44) -> 2
B45: Motivation
A46: T4_MOT1_Analisi | B46: Quanto ti senti rassicurato dal fatto di avere tutte le informazioni in un'unica schermata? | C46: =AVERAGE(Quest.Utente1!H46,Quest.Utente2!H46,Quest.Utente3!H46,Quest.Utente4!H46) -> 3.25
A47: T4_MOT1_Analisi | B47: Ti senti più propenso a uscire di casa se le informazioni fornite sono complete e chiare? | C47: =AVERAGE(Quest.Utente1!H47,Quest.Utente2!H47,Quest.Utente3!H47,Quest.Utente4!H47) -> 4.5
B48: Self Efficacy
A49: T5_SE1_Prenotazione | B49: Quanto ti senti capace di confermare una prenotazione senza commettere errori di clic? | C49: =AVERAGE(Quest.Utente1!H49,Quest.Utente2!H49,Quest.Utente3!H49,Quest.Utente4!H49) -> 3.75
A50: T5_SE2_Prenotazione | B50: Sei sicuro di riuscire a gestire l'intera transazione (o conferma) in totale autonomia? | C50: =AVERAGE(Quest.Utente1!H50,Quest.Utente2!H50,Quest.Utente3!H50,Quest.Utente4!H50) -> 4.25
A51: T5_SE3_Prenotazione | B51: Ti senti in grado di recuperare il ticket o la conferma di prenotazione una volta terminato il processo? | C51: =AVERAGE(Quest.Utente1!H51,Quest.Utente2!H51,Quest.Utente3!H51,Quest.Utente4!H51) -> 3
B52: Knowledge&Skills
A53: T5_KS1_Prenotazione | B53: Conosci i passaggi necessari per finalizzare la prenotazione all'interno dell'app? | C53: =AVERAGE(Quest.Utente1!H53,Quest.Utente2!H53,Quest.Utente3!H53,Quest.Utente4!H53) -> 3.5
A54: T5_KS2_Prenotazione | B54: Sai quali dati ti verranno richiesti per confermare la tua presenza all'evento? | C54: =AVERAGE(Quest.Utente1!H54,Quest.Utente2!H54,Quest.Utente3!H54,Quest.Utente4!H54) -> 2.25
A55: T5_KS3_Prenotazione | B55: Hai capito cosa fare nel caso in cui tu debba annullare una prenotazione già effettuata? | C55: =AVERAGE(Quest.Utente1!H55,Quest.Utente2!H55,Quest.Utente3!H55,Quest.Utente4!H55) -> 3.25
B56: Personal Control
A57: T5_PC1_Prenotazione | B57: Senti di poter annullare l'operazione in qualsiasi momento prima della conferma definitiva? | C57: =AVERAGE(Quest.Utente1!H57,Quest.Utente2!H57,Quest.Utente3!H57,Quest.Utente4!H57) -> 3
A58: T5_PC2_Prenotazione | B58: Ti senti in controllo della scelta del metodo di conferma o di pagamento? | C58: =AVERAGE(Quest.Utente1!H58,Quest.Utente2!H58,Quest.Utente3!H58,Quest.Utente4!H58) -> 3.25
B59: Motivation
A60: T5_MOT1_Prenotazione | B60: Quanto valore dai alla possibilità di prenotare "al volo" senza cambiare applicazione? | C60: =AVERAGE(Quest.Utente1!H60,Quest.Utente2!H60,Quest.Utente3!H60,Quest.Utente4!H60) -> 4
A61: T5_MOT1_Prenotazione | B61: Ti senti più invogliato a partecipare agli eventi sapendo che la prenotazione richiede pochi secondi? | C61: =AVERAGE(Quest.Utente1!H61,Quest.Utente2!H61,Quest.Utente3!H61,Quest.Utente4!H61) -> 4
B62: Self Efficacy
A63: T6_SE1_Sincronizzazione | B63: Quanto ti senti sicuro nel collegare l'app al tuo calendario (es. Google o Apple)? | C63: =AVERAGE(Quest.Utente1!H63,Quest.Utente2!H63,Quest.Utente3!H63,Quest.Utente4!H63) -> 3.25
A64: T6_SE2_Sincronizzazione | B64: Sei certo di saper risolvere eventuali conflitti di orario che il sistema potrebbe segnalarti? | C64: =AVERAGE(Quest.Utente1!H64,Quest.Utente2!H64,Quest.Utente3!H64,Quest.Utente4!H64) -> 3.75
A65: T6_SE3_Sincronizzazione | B65: Ti senti in grado di rimuovere un evento dal calendario se decidi di non andare più? | C65: =AVERAGE(Quest.Utente1!H65,Quest.Utente2!H65,Quest.Utente3!H65,Quest.Utente4!H65) -> 2.5
B66: Personal Control
A67: T6_PC1_Sincronizzazione | B67: Senti di poter scegliere su quale dei tuoi calendari (lavoro, privato, ecc.) salvare l'evento? | C67: =AVERAGE(Quest.Utente1!H67,Quest.Utente2!H67,Quest.Utente3!H67,Quest.Utente4!H67) -> 3.75
A68: T6_PC2_Sincronizzazione | B68: Ti senti padrone della decisione di quali dettagli dell'evento mostrare nel calendario esterno? | C68: =AVERAGE(Quest.Utente1!H68,Quest.Utente2!H68,Quest.Utente3!H68,Quest.Utente4!H68) -> 3.75
B69: Motivation
A70: T6_MOT1_Sincronizzazione | B70: Quanto ti senti sollevato nel sapere che non dovrai scrivere a mano l'impegno nel tuo diario? | C70: =AVERAGE(Quest.Utente1!H70,Quest.Utente2!H70,Quest.Utente3!H70,Quest.Utente4!H70) -> 3
A71: T6_MOT1_Sincronizzazione | B71: Ti motiva l'idea di avere una visione d'insieme perfetta tra i tuoi doveri e i tuoi hobby? | C71: =AVERAGE(Quest.Utente1!H71,Quest.Utente2!H71,Quest.Utente3!H71,Quest.Utente4!H71) -> 4.25
B72: Self Efficacy
A73: T7_SE1_Ricezione | B73: Quanto ti senti capace di cogliere al volo un'opportunità suggerita dal sistema in un momento libero? | C73: =AVERAGE(Quest.Utente1!H73,Quest.Utente2!H73,Quest.Utente3!H73,Quest.Utente4!H73) -> 3
A74: T7_SE2_Ricezione | B74: Sei sicuro di saper gestire un cambio di programma basandoti su un suggerimento improvviso? | C74: =AVERAGE(Quest.Utente1!H74,Quest.Utente2!H74,Quest.Utente3!H74,Quest.Utente4!H74) -> 2.75
A75: T7_SE3_Ricezione | B75: Ti senti in grado di valutare rapidamente se il suggerimento "last minute" è compatibile con la tua energia? | C75: =AVERAGE(Quest.Utente1!H75,Quest.Utente2!H75,Quest.Utente3!H75,Quest.Utente4!H75) -> 4
B76: Knowledge&Skills
A77: T7_KS1_Ricezione | B77: Capisci perché l'app ti sta disturbando proprio in quel momento della giornata? | C77: =AVERAGE(Quest.Utente1!H77,Quest.Utente2!H77,Quest.Utente3!H77,Quest.Utente4!H77) -> 3.5
A78: T7_KS1_Ricezione | B78: Sai come l'app deduce che hai "due ore libere" (es. dai buchi nel calendario)? | C78: =AVERAGE(Quest.Utente1!H78,Quest.Utente2!H78,Quest.Utente3!H78,Quest.Utente4!H78) -> 3
A79: T7_KS3_Ricezione | B79: Conosci il modo per dire al sistema che in quel momento non vuoi ricevere suggerimenti? | C79: =AVERAGE(Quest.Utente1!H79,Quest.Utente2!H79,Quest.Utente3!H79,Quest.Utente4!H79) -> 2.75
B80: Personal Control
A81: T7_PC1_Ricezione | B81: Senti di poter silenziare questi suggerimenti se ti trovi in una giornata particolarmente stressante? | C81: =AVERAGE(Quest.Utente1!H81,Quest.Utente2!H81,Quest.Utente3!H81,Quest.Utente4!H81) -> 3.25
A82: T7_PC2_Ricezione | B82: Ti senti libero di ignorare la proposta senza che l'app te la riproponga ossessivamente? | C82: =AVERAGE(Quest.Utente1!H82,Quest.Utente2!H82,Quest.Utente3!H82,Quest.Utente4!H82) -> 4.25
B83: Motivation
A84: T7_MOT1_Ricezione | B84: Quanto ti entusiasma l'idea di avere un assistente che trova attività per te quando sei annoiato? | C84: =AVERAGE(Quest.Utente1!H84,Quest.Utente2!H84,Quest.Utente3!H84,Quest.Utente4!H84) -> 3.5
A85: T7_MOT1_Ricezione | B85: Ti senti stimolato a essere più spontaneo grazie ai suggerimenti contestuali dell'app? | C85: =AVERAGE(Quest.Utente1!H85,Quest.Utente2!H85,Quest.Utente3!H85,Quest.Utente4!H85) -> 3.5
B86: Self Efficacy
A87: T8_SE1_Gestione | B87: Quanto ti senti sicuro di poter impostare le notifiche in modo che non siano mai fastidiose? | C87: =AVERAGE(Quest.Utente1!H87,Quest.Utente2!H87,Quest.Utente3!H87,Quest.Utente4!H87) -> 3.75
A88: T8_SE2_Gestione | B88: Sei in grado di trovare il giusto equilibrio tra ricezione di info e tranquillità personale? | C88: =AVERAGE(Quest.Utente1!H88,Quest.Utente2!H88,Quest.Utente3!H88,Quest.Utente4!H88) -> 3
A89: T8_SE3_Gestione | B89: Ti senti capace di riattivare le notifiche se dovessi accorgerti di perdere eventi interessanti? | C89: =AVERAGE(Quest.Utente1!H89,Quest.Utente2!H89,Quest.Utente3!H89,Quest.Utente4!H89) -> 3
B90: Personal Control
A91: T8_PC1_Gestione | B91: Senti di avere il potere di "zittire" l'app completamente se ne senti il bisogno? | C91: =AVERAGE(Quest.Utente1!H91,Quest.Utente2!H91,Quest.Utente3!H91,Quest.Utente4!H91) -> 3.25
A92: T8_PC2_Gestione | B92: Ti senti in controllo della modalità con cui il "diario" interagisce con te durante il giorno? | C92: =AVERAGE(Quest.Utente1!H92,Quest.Utente2!H92,Quest.Utente3!H92,Quest.Utente4!H92) -> 3.75
B93: Motivation
A94: T8_MOT1_Gestione | B94: Quanto ti rassicura sapere che l'app non sarà invasiva se decidi di limitare le notifiche? | C94: =AVERAGE(Quest.Utente1!H94,Quest.Utente2!H94,Quest.Utente3!H94,Quest.Utente4!H94) -> 3.75
A95: T8_MOT1_Gestione | B95: Ti senti più propenso a tenere l'app installata sapendo di poter gestire ogni singola notifica? | C95: =AVERAGE(Quest.Utente1!H95,Quest.Utente2!H95,Quest.Utente3!H95,Quest.Utente4!H95) -> 3

Sheet TabRisultati
A1: Task | B1: ISE | C1: IKS | D1: IPC | E1: IMOT
A2: T1 | B2: =AVERAGE(MEDIE!C2:C4) -> 3.3333333 | C2: =AVERAGE(MEDIE!C6:C8) -> 3 | D2: =AVERAGE(MEDIE!C10:C11) -> 4.125 | E2: =AVERAGE(MEDIE!C13:C14) -> 3.625
A3: T2 | B3: =AVERAGE(MEDIE!C17) -> 2 | C3: =AVERAGE(MEDIE!C20:C22) -> 3.5 | D3: =AVERAGE(MEDIE!C24:C25) -> 2.625 | E3: N/A
A4: T3 | B4: =AVERAGE(MEDIE!C27:C29) -> 2.8333333 | C4: =AVERAGE(MEDIE!C31:C33) -> 2.8333333 | D4: N/A | E4: =AVERAGE(MEDIE!C35:C36) -> 4.375
A5: T4 | B5: =AVERAGE(MEDIE!C38:C40) -> 4.0833333 | C5: =AVERAGE(MEDIE!C42:C44) -> 2.75 | D5: N/A | E5: =AVERAGE(MEDIE!C46:C47) -> 3.875
A6: T5 | B6: =AVERAGE(MEDIE!C49:C51) -> 3.6666667 | C6: =AVERAGE(MEDIE!C53:C55) -> 3 | D6: =AVERAGE(MEDIE!C57:C58) -> 3.125 | E6: =AVERAGE(MEDIE!C60:C61) -> 4
A7: T6 | B7: =AVERAGE(MEDIE!C63:C65) -> 3.1666667 | C7: N/A | D7: =AVERAGE(MEDIE!C67:C68) -> 3.75 | E7: =AVERAGE(MEDIE!C70:C71) -> 3.625
A8: T7 | B8: =AVERAGE(MEDIE!C73:C75) -> 3.25 | C8: =AVERAGE(MEDIE!C77:C79) -> 3.0833333 | D8: =AVERAGE(MEDIE!C82:C83) -> 4.25 | E8: =AVERAGE(MEDIE!C84:C85) -> 3.5
A9: T8 | B9: =AVERAGE(MEDIE!C87:C89) -> 3.25 | C9: N/A | D9: =AVERAGE(MEDIE!C91:C92) -> 3.5 | E9: =AVERAGE(MEDIE!C94:C95) -> 3.375
